2026-09-26 17:26:52 | INFO     | 278c471a | 🔌 Creating async database engine for localhost:5432/chronos
2026-09-26 17:26:53 | INFO     | 278c471a | ✅ Database engine created successfully
2026-09-26 17:27:10 | INFO     | 50133532 | 🔌 Creating async database engine for localhost:5432/chronos
2026-09-26 17:27:10 | INFO     | 50133532 | ✅ Database engine created successfully
2026-09-26 17:27:29 | INFO     | 0b13f450 | 🔌 Creating async database engine for localhost:5432/chronos
2026-09-26 17:27:29 | INFO     | 0b13f450 | ✅ Database engine created successfully
2026-09-26 17:27:44 | INFO     | 3c2ad270 | 🔌 Creating async database engine for localhost:5432/chronos
2026-09-26 17:27:44 | INFO     | 3c2ad270 | ✅ Database engine created successfully
2026-09-26 17:28:05 | INFO     | 71a9f502 | 🔌 Creating async database engine for localhost:5432/chronos
2026-09-26 17:28:06 | INFO     | 71a9f502 | ✅ Database engine created successfully
2026-09-26 17:28:33 | INFO     | 7d801b16 | 🔌 Creating async database engine for localhost:5432/chronos
2026-09-26 17:28:33 | INFO     | 7d801b16 | ✅ Database engine created successfully
2026-09-26 17:29:02 | INFO     | e0e76b9f | 🔌 Creating async database engine for localhost:5432/chronos
2026-09-26 17:29:03 | INFO     | e0e76b9f | ✅ Database engine created successfully
2026-09-26 17:37:03 | INFO     | de1e7980 | 🔌 Creating async database engine for localhost:5432/chronos
2026-09-26 17:37:03 | INFO     | de1e7980 | ✅ Database engine created successfully
2026-09-26 17:37:56 | INFO     | 5d1fdff1 | 🔌 Creating async database engine for localhost:5432/chronos
2026-09-26 17:37:57 | INFO     | 5d1fdff1 | ✅ Database engine created successfully
2026-09-26 17:38:34 | INFO     | eba645b4 | 🔌 Creating async database engine for localhost:5432/chronos
2026-09-26 17:38:34 | INFO     | eba645b4 | ✅ Database engine created successfully
2026-09-26 17:38:54 | INFO     | c65427fb | 🔌 Creating async database engine for localhost:5432/chronos
2026-09-26 17:38:54 | INFO     | c65427fb | ✅ Database engine created successfully
2026-09-26 17:39:13 | INFO     | 6feada39 | 🔌 Creating async database engine for localhost:5432/chronos
2026-09-26 17:39:13 | INFO     | 6feada39 | ✅ Database engine created successfully
2026-09-26 17:39:14 | INFO     | 6feada39 | 🚀 Starting Chronos Search Engine v3.0.0-masterpiece
2026-09-26 17:39:14 | INFO     | 6feada39 | Environment: production
2026-09-26 17:39:14 | INFO     | 6feada39 | Debug mode: True
2026-09-26 17:39:14 | ERROR    | 6feada39 | ❌ Database initialization failed: password authentication failed for user "chronos_user"
Traceback (most recent call last):
  File "C:\Users\Admin\PP\Chromos-Search\backend\app\core\database.py", line 237, in init_db
    async with get_async_engine().begin() as conn:
  File "C:\Program Files\WindowsApps\PythonSoftwareFoundation.Python.3.11_3.11.2544.0_x64__qbz5n2kfra8p0\Lib\contextlib.py", line 210, in __aenter__
    return await anext(self.gen)
           ^^^^^^^^^^^^^^^^^^^^^
  File "C:\Users\Admin\AppData\Local\Packages\PythonSoftwareFoundation.Python.3.11_qbz5n2kfra8p0\LocalCache\local-packages\Python311\site-packages\sqlalchemy\ext\asyncio\engine.py", line 1059, in begin
    async with conn:
  File "C:\Users\Admin\AppData\Local\Packages\PythonSoftwareFoundation.Python.3.11_qbz5n2kfra8p0\LocalCache\local-packages\Python311\site-packages\sqlalchemy\ext\asyncio\base.py", line 125, in __aenter__
    return await self.start(is_ctxmanager=True)
           ^^^^^^^^^^^^^^^^^^^^^^^^^^^^^^^^^^^^
  File "C:\Users\Admin\AppData\Local\Packages\PythonSoftwareFoundation.Python.3.11_qbz5n2kfra8p0\LocalCache\local-packages\Python311\site-packages\sqlalchemy\ext\asyncio\engine.py", line 268, in start
    await greenlet_spawn(self.sync_engine.connect)
  File "C:\Users\Admin\AppData\Local\Packages\PythonSoftwareFoundation.Python.3.11_qbz5n2kfra8p0\LocalCache\local-packages\Python311\site-packages\sqlalchemy\util\_concurrency_py3k.py", line 190, in greenlet_spawn
    result = context.throw(*sys.exc_info())
             ^^^^^^^^^^^^^^^^^^^^^^^^^^^^^^
  File "C:\Users\Admin\AppData\Local\Packages\PythonSoftwareFoundation.Python.3.11_qbz5n2kfra8p0\LocalCache\local-packages\Python311\site-packages\sqlalchemy\engine\base.py", line 3264, in connect
    return self._connection_cls(self)
           ^^^^^^^^^^^^^^^^^^^^^^^^^^
  File "C:\Users\Admin\AppData\Local\Packages\PythonSoftwareFoundation.Python.3.11_qbz5n2kfra8p0\LocalCache\local-packages\Python311\site-packages\sqlalchemy\engine\base.py", line 145, in __init__
    self._dbapi_connection = engine.raw_connection()
                             ^^^^^^^^^^^^^^^^^^^^^^^
  File "C:\Users\Admin\AppData\Local\Packages\PythonSoftwareFoundation.Python.3.11_qbz5n2kfra8p0\LocalCache\local-packages\Python311\site-packages\sqlalchemy\engine\base.py", line 3288, in raw_connection
    return self.pool.connect()
           ^^^^^^^^^^^^^^^^^^^
  File "C:\Users\Admin\AppData\Local\Packages\PythonSoftwareFoundation.Python.3.11_qbz5n2kfra8p0\LocalCache\local-packages\Python311\site-packages\sqlalchemy\pool\base.py", line 452, in connect
    return _ConnectionFairy._checkout(self)
           ^^^^^^^^^^^^^^^^^^^^^^^^^^^^^^^^
  File "C:\Users\Admin\AppData\Local\Packages\PythonSoftwareFoundation.Python.3.11_qbz5n2kfra8p0\LocalCache\local-packages\Python311\site-packages\sqlalchemy\pool\base.py", line 1267, in _checkout
    fairy = _ConnectionRecord.checkout(pool)
            ^^^^^^^^^^^^^^^^^^^^^^^^^^^^^^^^
  File "C:\Users\Admin\AppData\Local\Packages\PythonSoftwareFoundation.Python.3.11_qbz5n2kfra8p0\LocalCache\local-packages\Python311\site-packages\sqlalchemy\pool\base.py", line 716, in checkout
    rec = pool._do_get()
          ^^^^^^^^^^^^^^
  File "C:\Users\Admin\AppData\Local\Packages\PythonSoftwareFoundation.Python.3.11_qbz5n2kfra8p0\LocalCache\local-packages\Python311\site-packages\sqlalchemy\pool\impl.py", line 169, in _do_get
    with util.safe_reraise():
  File "C:\Users\Admin\AppData\Local\Packages\PythonSoftwareFoundation.Python.3.11_qbz5n2kfra8p0\LocalCache\local-packages\Python311\site-packages\sqlalchemy\util\langhelpers.py", line 146, in __exit__
    raise exc_value.with_traceback(exc_tb)
  File "C:\Users\Admin\AppData\Local\Packages\PythonSoftwareFoundation.Python.3.11_qbz5n2kfra8p0\LocalCache\local-packages\Python311\site-packages\sqlalchemy\pool\impl.py", line 167, in _do_get
    return self._create_connection()
           ^^^^^^^^^^^^^^^^^^^^^^^^^
  File "C:\Users\Admin\AppData\Local\Packages\PythonSoftwareFoundation.Python.3.11_qbz5n2kfra8p0\LocalCache\local-packages\Python311\site-packages\sqlalchemy\pool\base.py", line 393, in _create_connection
    return _ConnectionRecord(self)
           ^^^^^^^^^^^^^^^^^^^^^^^
  File "C:\Users\Admin\AppData\Local\Packages\PythonSoftwareFoundation.Python.3.11_qbz5n2kfra8p0\LocalCache\local-packages\Python311\site-packages\sqlalchemy\pool\base.py", line 678, in __init__
    self.__connect()
  File "C:\Users\Admin\AppData\Local\Packages\PythonSoftwareFoundation.Python.3.11_qbz5n2kfra8p0\LocalCache\local-packages\Python311\site-packages\sqlalchemy\pool\base.py", line 902, in __connect
    with util.safe_reraise():
  File "C:\Users\Admin\AppData\Local\Packages\PythonSoftwareFoundation.Python.3.11_qbz5n2kfra8p0\LocalCache\local-packages\Python311\site-packages\sqlalchemy\util\langhelpers.py", line 146, in __exit__
    raise exc_value.with_traceback(exc_tb)
  File "C:\Users\Admin\AppData\Local\Packages\PythonSoftwareFoundation.Python.3.11_qbz5n2kfra8p0\LocalCache\local-packages\Python311\site-packages\sqlalchemy\pool\base.py", line 898, in __connect
    self.dbapi_connection = connection = pool._invoke_creator(self)
                                         ^^^^^^^^^^^^^^^^^^^^^^^^^^
  File "C:\Users\Admin\AppData\Local\Packages\PythonSoftwareFoundation.Python.3.11_qbz5n2kfra8p0\LocalCache\local-packages\Python311\site-packages\sqlalchemy\engine\create.py", line 637, in connect
    return dialect.connect(*cargs, **cparams)
           ^^^^^^^^^^^^^^^^^^^^^^^^^^^^^^^^^^
  File "C:\Users\Admin\AppData\Local\Packages\PythonSoftwareFoundation.Python.3.11_qbz5n2kfra8p0\LocalCache\local-packages\Python311\site-packages\sqlalchemy\engine\default.py", line 615, in connect
    return self.loaded_dbapi.connect(*cargs, **cparams)
           ^^^^^^^^^^^^^^^^^^^^^^^^^^^^^^^^^^^^^^^^^^^^
  File "C:\Users\Admin\AppData\Local\Packages\PythonSoftwareFoundation.Python.3.11_qbz5n2kfra8p0\LocalCache\local-packages\Python311\site-packages\sqlalchemy\dialects\postgresql\asyncpg.py", line 930, in connect
    await_only(creator_fn(*arg, **kw)),
    ^^^^^^^^^^^^^^^^^^^^^^^^^^^^^^^^^^
  File "C:\Users\Admin\AppData\Local\Packages\PythonSoftwareFoundation.Python.3.11_qbz5n2kfra8p0\LocalCache\local-packages\Python311\site-packages\sqlalchemy\util\_concurrency_py3k.py", line 125, in await_only
    return current.driver.switch(awaitable)  # type: ignore[no-any-return]
           ^^^^^^^^^^^^^^^^^^^^^^^^^^^^^^^^
  File "C:\Users\Admin\AppData\Local\Packages\PythonSoftwareFoundation.Python.3.11_qbz5n2kfra8p0\LocalCache\local-packages\Python311\site-packages\sqlalchemy\util\_concurrency_py3k.py", line 185, in greenlet_spawn
    value = await result
            ^^^^^^^^^^^^
  File "C:\Users\Admin\AppData\Local\Packages\PythonSoftwareFoundation.Python.3.11_qbz5n2kfra8p0\LocalCache\local-packages\Python311\site-packages\asyncpg\connection.py", line 2114, in connect
    return await connect_utils._connect(
           ^^^^^^^^^^^^^^^^^^^^^^^^^^^^^
  File "C:\Users\Admin\AppData\Local\Packages\PythonSoftwareFoundation.Python.3.11_qbz5n2kfra8p0\LocalCache\local-packages\Python311\site-packages\asyncpg\connect_utils.py", line 982, in _connect
    conn = await _connect_addr(
           ^^^^^^^^^^^^^^^^^^^^
  File "C:\Users\Admin\AppData\Local\Packages\PythonSoftwareFoundation.Python.3.11_qbz5n2kfra8p0\LocalCache\local-packages\Python311\site-packages\asyncpg\connect_utils.py", line 808, in _connect_addr
    return await __connect_addr(params, timeout, True, *args)
           ^^^^^^^^^^^^^^^^^^^^^^^^^^^^^^^^^^^^^^^^^^^^^^^^^^
  File "C:\Users\Admin\AppData\Local\Packages\PythonSoftwareFoundation.Python.3.11_qbz5n2kfra8p0\LocalCache\local-packages\Python311\site-packages\asyncpg\connect_utils.py", line 866, in __connect_addr
    await compat.wait_for(connected, timeout=timeout)
  File "C:\Users\Admin\AppData\Local\Packages\PythonSoftwareFoundation.Python.3.11_qbz5n2kfra8p0\LocalCache\local-packages\Python311\site-packages\asyncpg\compat.py", line 60, in wait_for
    return await asyncio.wait_for(fut, timeout)
           ^^^^^^^^^^^^^^^^^^^^^^^^^^^^^^^^^^^^
  File "C:\Program Files\WindowsApps\PythonSoftwareFoundation.Python.3.11_3.11.2544.0_x64__qbz5n2kfra8p0\Lib\asyncio\tasks.py", line 489, in wait_for
    return fut.result()
           ^^^^^^^^^^^^
asyncpg.exceptions.InvalidPasswordError: password authentication failed for user "chronos_user"
2026-09-26 17:39:15 | ERROR    | 6feada39 | ❌ Database initialization failed: Database initialization failed
2026-09-26 17:44:06 | INFO     | 0d9fb6f0 | 🔌 Creating async database engine for localhost:5432/chronos
2026-09-26 17:44:06 | INFO     | 0d9fb6f0 | ✅ Database engine created successfully
2026-09-26 17:44:06 | INFO     | a4bf749f | 🔌 Creating async database engine for localhost:5432/chronos
2026-09-26 17:44:07 | INFO     | 25341941 | ✅ Database engine created successfully
2026-09-26 17:44:07 | INFO     | a4bf749f | ✅ Database engine created successfully
2026-09-26 17:44:07 | INFO     | 0d9fb6f0 | 🚀 Starting Chronos Search Engine v3.0.0-masterpiece
2026-09-26 17:44:07 | INFO     | 0d9fb6f0 | Environment: production
2026-09-26 17:44:07 | INFO     | 0d9fb6f0 | Debug mode: False
2026-09-26 17:44:07 | ERROR    | 0d9fb6f0 | ❌ Database initialization failed: password authentication failed for user "chronos_user"
Traceback (most recent call last):
  File "C:\Users\Admin\PP\Chromos-Search\backend\app\core\database.py", line 237, in init_db
    async with get_async_engine().begin() as conn:
  File "C:\Program Files\WindowsApps\PythonSoftwareFoundation.Python.3.11_3.11.2544.0_x64__qbz5n2kfra8p0\Lib\contextlib.py", line 210, in __aenter__
    return await anext(self.gen)
           ^^^^^^^^^^^^^^^^^^^^^
  File "C:\Users\Admin\AppData\Local\Packages\PythonSoftwareFoundation.Python.3.11_qbz5n2kfra8p0\LocalCache\local-packages\Python311\site-packages\sqlalchemy\ext\asyncio\engine.py", line 1059, in begin
    async with conn:
  File "C:\Users\Admin\AppData\Local\Packages\PythonSoftwareFoundation.Python.3.11_qbz5n2kfra8p0\LocalCache\local-packages\Python311\site-packages\sqlalchemy\ext\asyncio\base.py", line 125, in __aenter__
    return await self.start(is_ctxmanager=True)
           ^^^^^^^^^^^^^^^^^^^^^^^^^^^^^^^^^^^^
  File "C:\Users\Admin\AppData\Local\Packages\PythonSoftwareFoundation.Python.3.11_qbz5n2kfra8p0\LocalCache\local-packages\Python311\site-packages\sqlalchemy\ext\asyncio\engine.py", line 268, in start
    await greenlet_spawn(self.sync_engine.connect)
  File "C:\Users\Admin\AppData\Local\Packages\PythonSoftwareFoundation.Python.3.11_qbz5n2kfra8p0\LocalCache\local-packages\Python311\site-packages\sqlalchemy\util\_concurrency_py3k.py", line 190, in greenlet_spawn
    result = context.throw(*sys.exc_info())
             ^^^^^^^^^^^^^^^^^^^^^^^^^^^^^^
  File "C:\Users\Admin\AppData\Local\Packages\PythonSoftwareFoundation.Python.3.11_qbz5n2kfra8p0\LocalCache\local-packages\Python311\site-packages\sqlalchemy\engine\base.py", line 3264, in connect
    return self._connection_cls(self)
           ^^^^^^^^^^^^^^^^^^^^^^^^^^
  File "C:\Users\Admin\AppData\Local\Packages\PythonSoftwareFoundation.Python.3.11_qbz5n2kfra8p0\LocalCache\local-packages\Python311\site-packages\sqlalchemy\engine\base.py", line 145, in __init__
    self._dbapi_connection = engine.raw_connection()
                             ^^^^^^^^^^^^^^^^^^^^^^^
  File "C:\Users\Admin\AppData\Local\Packages\PythonSoftwareFoundation.Python.3.11_qbz5n2kfra8p0\LocalCache\local-packages\Python311\site-packages\sqlalchemy\engine\base.py", line 3288, in raw_connection
    return self.pool.connect()
           ^^^^^^^^^^^^^^^^^^^
  File "C:\Users\Admin\AppData\Local\Packages\PythonSoftwareFoundation.Python.3.11_qbz5n2kfra8p0\LocalCache\local-packages\Python311\site-packages\sqlalchemy\pool\base.py", line 452, in connect
    return _ConnectionFairy._checkout(self)
           ^^^^^^^^^^^^^^^^^^^^^^^^^^^^^^^^
  File "C:\Users\Admin\AppData\Local\Packages\PythonSoftwareFoundation.Python.3.11_qbz5n2kfra8p0\LocalCache\local-packages\Python311\site-packages\sqlalchemy\pool\base.py", line 1267, in _checkout
    fairy = _ConnectionRecord.checkout(pool)
            ^^^^^^^^^^^^^^^^^^^^^^^^^^^^^^^^
  File "C:\Users\Admin\AppData\Local\Packages\PythonSoftwareFoundation.Python.3.11_qbz5n2kfra8p0\LocalCache\local-packages\Python311\site-packages\sqlalchemy\pool\base.py", line 716, in checkout
    rec = pool._do_get()
          ^^^^^^^^^^^^^^
  File "C:\Users\Admin\AppData\Local\Packages\PythonSoftwareFoundation.Python.3.11_qbz5n2kfra8p0\LocalCache\local-packages\Python311\site-packages\sqlalchemy\pool\impl.py", line 169, in _do_get
    with util.safe_reraise():
  File "C:\Users\Admin\AppData\Local\Packages\PythonSoftwareFoundation.Python.3.11_qbz5n2kfra8p0\LocalCache\local-packages\Python311\site-packages\sqlalchemy\util\langhelpers.py", line 146, in __exit__
    raise exc_value.with_traceback(exc_tb)
  File "C:\Users\Admin\AppData\Local\Packages\PythonSoftwareFoundation.Python.3.11_qbz5n2kfra8p0\LocalCache\local-packages\Python311\site-packages\sqlalchemy\pool\impl.py", line 167, in _do_get
    return self._create_connection()
           ^^^^^^^^^^^^^^^^^^^^^^^^^
  File "C:\Users\Admin\AppData\Local\Packages\PythonSoftwareFoundation.Python.3.11_qbz5n2kfra8p0\LocalCache\local-packages\Python311\site-packages\sqlalchemy\pool\base.py", line 393, in _create_connection
    return _ConnectionRecord(self)
           ^^^^^^^^^^^^^^^^^^^^^^^
  File "C:\Users\Admin\AppData\Local\Packages\PythonSoftwareFoundation.Python.3.11_qbz5n2kfra8p0\LocalCache\local-packages\Python311\site-packages\sqlalchemy\pool\base.py", line 678, in __init__
    self.__connect()
  File "C:\Users\Admin\AppData\Local\Packages\PythonSoftwareFoundation.Python.3.11_qbz5n2kfra8p0\LocalCache\local-packages\Python311\site-packages\sqlalchemy\pool\base.py", line 902, in __connect
    with util.safe_reraise():
  File "C:\Users\Admin\AppData\Local\Packages\PythonSoftwareFoundation.Python.3.11_qbz5n2kfra8p0\LocalCache\local-packages\Python311\site-packages\sqlalchemy\util\langhelpers.py", line 146, in __exit__
    raise exc_value.with_traceback(exc_tb)
  File "C:\Users\Admin\AppData\Local\Packages\PythonSoftwareFoundation.Python.3.11_qbz5n2kfra8p0\LocalCache\local-packages\Python311\site-packages\sqlalchemy\pool\base.py", line 898, in __connect
    self.dbapi_connection = connection = pool._invoke_creator(self)
                                         ^^^^^^^^^^^^^^^^^^^^^^^^^^
  File "C:\Users\Admin\AppData\Local\Packages\PythonSoftwareFoundation.Python.3.11_qbz5n2kfra8p0\LocalCache\local-packages\Python311\site-packages\sqlalchemy\engine\create.py", line 637, in connect
    return dialect.connect(*cargs, **cparams)
           ^^^^^^^^^^^^^^^^^^^^^^^^^^^^^^^^^^
  File "C:\Users\Admin\AppData\Local\Packages\PythonSoftwareFoundation.Python.3.11_qbz5n2kfra8p0\LocalCache\local-packages\Python311\site-packages\sqlalchemy\engine\default.py", line 615, in connect
    return self.loaded_dbapi.connect(*cargs, **cparams)
           ^^^^^^^^^^^^^^^^^^^^^^^^^^^^^^^^^^^^^^^^^^^^
  File "C:\Users\Admin\AppData\Local\Packages\PythonSoftwareFoundation.Python.3.11_qbz5n2kfra8p0\LocalCache\local-packages\Python311\site-packages\sqlalchemy\dialects\postgresql\asyncpg.py", line 930, in connect
    await_only(creator_fn(*arg, **kw)),
    ^^^^^^^^^^^^^^^^^^^^^^^^^^^^^^^^^^
  File "C:\Users\Admin\AppData\Local\Packages\PythonSoftwareFoundation.Python.3.11_qbz5n2kfra8p0\LocalCache\local-packages\Python311\site-packages\sqlalchemy\util\_concurrency_py3k.py", line 125, in await_only
    return current.driver.switch(awaitable)  # type: ignore[no-any-return]
           ^^^^^^^^^^^^^^^^^^^^^^^^^^^^^^^^
  File "C:\Users\Admin\AppData\Local\Packages\PythonSoftwareFoundation.Python.3.11_qbz5n2kfra8p0\LocalCache\local-packages\Python311\site-packages\sqlalchemy\util\_concurrency_py3k.py", line 185, in greenlet_spawn
    value = await result
            ^^^^^^^^^^^^
  File "C:\Users\Admin\AppData\Local\Packages\PythonSoftwareFoundation.Python.3.11_qbz5n2kfra8p0\LocalCache\local-packages\Python311\site-packages\asyncpg\connection.py", line 2114, in connect
    return await connect_utils._connect(
           ^^^^^^^^^^^^^^^^^^^^^^^^^^^^^
  File "C:\Users\Admin\AppData\Local\Packages\PythonSoftwareFoundation.Python.3.11_qbz5n2kfra8p0\LocalCache\local-packages\Python311\site-packages\asyncpg\connect_utils.py", line 982, in _connect
    conn = await _connect_addr(
           ^^^^^^^^^^^^^^^^^^^^
  File "C:\Users\Admin\AppData\Local\Packages\PythonSoftwareFoundation.Python.3.11_qbz5n2kfra8p0\LocalCache\local-packages\Python311\site-packages\asyncpg\connect_utils.py", line 808, in _connect_addr
    return await __connect_addr(params, timeout, True, *args)
           ^^^^^^^^^^^^^^^^^^^^^^^^^^^^^^^^^^^^^^^^^^^^^^^^^^
  File "C:\Users\Admin\AppData\Local\Packages\PythonSoftwareFoundation.Python.3.11_qbz5n2kfra8p0\LocalCache\local-packages\Python311\site-packages\asyncpg\connect_utils.py", line 866, in __connect_addr
    await compat.wait_for(connected, timeout=timeout)
  File "C:\Users\Admin\AppData\Local\Packages\PythonSoftwareFoundation.Python.3.11_qbz5n2kfra8p0\LocalCache\local-packages\Python311\site-packages\asyncpg\compat.py", line 60, in wait_for
    return await asyncio.wait_for(fut, timeout)
           ^^^^^^^^^^^^^^^^^^^^^^^^^^^^^^^^^^^^
  File "C:\Program Files\WindowsApps\PythonSoftwareFoundation.Python.3.11_3.11.2544.0_x64__qbz5n2kfra8p0\Lib\asyncio\tasks.py", line 489, in wait_for
    return fut.result()
           ^^^^^^^^^^^^
asyncpg.exceptions.InvalidPasswordError: password authentication failed for user "chronos_user"
2026-09-26 17:44:07 | ERROR    | 0d9fb6f0 | ❌ Database initialization failed: Database initialization failed
2026-09-26 17:44:10 | INFO     | 25341941 | 🚀 Starting Chronos Search Engine v3.0.0-masterpiece
2026-09-26 17:44:10 | INFO     | 25341941 | Environment: production
2026-09-26 17:44:10 | INFO     | a4bf749f | 🚀 Starting Chronos Search Engine v3.0.0-masterpiece
2026-09-26 17:44:10 | INFO     | 25341941 | Debug mode: False
2026-09-26 17:44:10 | INFO     | a4bf749f | Environment: production
2026-09-26 17:44:10 | INFO     | a4bf749f | Debug mode: False
2026-09-26 17:44:10 | ERROR    | a4bf749f | ❌ Database initialization failed: password authentication failed for user "chronos_user"
Traceback (most recent call last):
  File "C:\Users\Admin\PP\Chromos-Search\backend\app\core\database.py", line 237, in init_db
    async with get_async_engine().begin() as conn:
  File "C:\Program Files\WindowsApps\PythonSoftwareFoundation.Python.3.11_3.11.2544.0_x64__qbz5n2kfra8p0\Lib\contextlib.py", line 210, in __aenter__
    return await anext(self.gen)
           ^^^^^^^^^^^^^^^^^^^^^
  File "C:\Users\Admin\PP\Chromos-Search\venv\Lib\site-packages\sqlalchemy\ext\asyncio\engine.py", line 1068, in begin
    async with conn:
  File "C:\Users\Admin\PP\Chromos-Search\venv\Lib\site-packages\sqlalchemy\ext\asyncio\base.py", line 121, in __aenter__
    return await self.start(is_ctxmanager=True)
           ^^^^^^^^^^^^^^^^^^^^^^^^^^^^^^^^^^^^
  File "C:\Users\Admin\PP\Chromos-Search\venv\Lib\site-packages\sqlalchemy\ext\asyncio\engine.py", line 275, in start
    await greenlet_spawn(self.sync_engine.connect)
  File "C:\Users\Admin\PP\Chromos-Search\venv\Lib\site-packages\sqlalchemy\util\_concurrency_py3k.py", line 201, in greenlet_spawn
    result = context.throw(*sys.exc_info())
             ^^^^^^^^^^^^^^^^^^^^^^^^^^^^^^
  File "C:\Users\Admin\PP\Chromos-Search\venv\Lib\site-packages\sqlalchemy\engine\base.py", line 3295, in connect
    return self._connection_cls(self)
           ^^^^^^^^^^^^^^^^^^^^^^^^^^
  File "C:\Users\Admin\PP\Chromos-Search\venv\Lib\site-packages\sqlalchemy\engine\base.py", line 144, in __init__
    self._dbapi_connection = engine.raw_connection()
                             ^^^^^^^^^^^^^^^^^^^^^^^
  File "C:\Users\Admin\PP\Chromos-Search\venv\Lib\site-packages\sqlalchemy\engine\base.py", line 3319, in raw_connection
    return self.pool.connect()
           ^^^^^^^^^^^^^^^^^^^
  File "C:\Users\Admin\PP\Chromos-Search\venv\Lib\site-packages\sqlalchemy\pool\base.py", line 448, in connect
    return _ConnectionFairy._checkout(self)
           ^^^^^^^^^^^^^^^^^^^^^^^^^^^^^^^^
  File "C:\Users\Admin\PP\Chromos-Search\venv\Lib\site-packages\sqlalchemy\pool\base.py", line 1272, in _checkout
    fairy = _ConnectionRecord.checkout(pool)
            ^^^^^^^^^^^^^^^^^^^^^^^^^^^^^^^^
  File "C:\Users\Admin\PP\Chromos-Search\venv\Lib\site-packages\sqlalchemy\pool\base.py", line 712, in checkout
    rec = pool._do_get()
          ^^^^^^^^^^^^^^
  File "C:\Users\Admin\PP\Chromos-Search\venv\Lib\site-packages\sqlalchemy\pool\impl.py", line 178, in _do_get
    with util.safe_reraise():
  File "C:\Users\Admin\PP\Chromos-Search\venv\Lib\site-packages\sqlalchemy\util\langhelpers.py", line 122, in __exit__
    raise exc_value.with_traceback(exc_tb)
  File "C:\Users\Admin\PP\Chromos-Search\venv\Lib\site-packages\sqlalchemy\pool\impl.py", line 176, in _do_get
    return self._create_connection()
           ^^^^^^^^^^^^^^^^^^^^^^^^^
  File "C:\Users\Admin\PP\Chromos-Search\venv\Lib\site-packages\sqlalchemy\pool\base.py", line 389, in _create_connection
    return _ConnectionRecord(self)
           ^^^^^^^^^^^^^^^^^^^^^^^
  File "C:\Users\Admin\PP\Chromos-Search\venv\Lib\site-packages\sqlalchemy\pool\base.py", line 674, in __init__
    self.__connect()
  File "C:\Users\Admin\PP\Chromos-Search\venv\Lib\site-packages\sqlalchemy\pool\base.py", line 900, in __connect
    with util.safe_reraise():
  File "C:\Users\Admin\PP\Chromos-Search\venv\Lib\site-packages\sqlalchemy\util\langhelpers.py", line 122, in __exit__
    raise exc_value.with_traceback(exc_tb)
  File "C:\Users\Admin\PP\Chromos-Search\venv\Lib\site-packages\sqlalchemy\pool\base.py", line 896, in __connect
    self.dbapi_connection = connection = pool._invoke_creator(self)
                                         ^^^^^^^^^^^^^^^^^^^^^^^^^^
  File "C:\Users\Admin\PP\Chromos-Search\venv\Lib\site-packages\sqlalchemy\engine\create.py", line 667, in connect
    return dialect.connect(*cargs_tup, **cparams)
           ^^^^^^^^^^^^^^^^^^^^^^^^^^^^^^^^^^^^^^
  File "C:\Users\Admin\PP\Chromos-Search\venv\Lib\site-packages\sqlalchemy\engine\default.py", line 630, in connect
    return self.loaded_dbapi.connect(*cargs, **cparams)  # type: ignore[no-any-return]  # NOQA: E501
           ^^^^^^^^^^^^^^^^^^^^^^^^^^^^^^^^^^^^^^^^^^^^
  File "C:\Users\Admin\PP\Chromos-Search\venv\Lib\site-packages\sqlalchemy\dialects\postgresql\asyncpg.py", line 955, in connect
    await_only(creator_fn(*arg, **kw)),
    ^^^^^^^^^^^^^^^^^^^^^^^^^^^^^^^^^^
  File "C:\Users\Admin\PP\Chromos-Search\venv\Lib\site-packages\sqlalchemy\util\_concurrency_py3k.py", line 132, in await_only
    return current.parent.switch(awaitable)  # type: ignore[no-any-return,attr-defined] # noqa: E501
           ^^^^^^^^^^^^^^^^^^^^^^^^^^^^^^^^
  File "C:\Users\Admin\PP\Chromos-Search\venv\Lib\site-packages\sqlalchemy\util\_concurrency_py3k.py", line 196, in greenlet_spawn
    value = await result
            ^^^^^^^^^^^^
  File "C:\Users\Admin\PP\Chromos-Search\venv\Lib\site-packages\asyncpg\connection.py", line 2443, in connect
    return await connect_utils._connect(
           ^^^^^^^^^^^^^^^^^^^^^^^^^^^^^
  File "C:\Users\Admin\PP\Chromos-Search\venv\Lib\site-packages\asyncpg\connect_utils.py", line 1218, in _connect
    conn = await _connect_addr(
           ^^^^^^^^^^^^^^^^^^^^
  File "C:\Users\Admin\PP\Chromos-Search\venv\Lib\site-packages\asyncpg\connect_utils.py", line 1054, in _connect_addr
    return await __connect_addr(params, True, *args)
           ^^^^^^^^^^^^^^^^^^^^^^^^^^^^^^^^^^^^^^^^^
  File "C:\Users\Admin\PP\Chromos-Search\venv\Lib\site-packages\asyncpg\connect_utils.py", line 1102, in __connect_addr
    await connected
asyncpg.exceptions.InvalidPasswordError: password authentication failed for user "chronos_user"
2026-09-26 17:44:10 | ERROR    | a4bf749f | ❌ Database initialization failed: Database initialization failed
2026-09-26 17:44:10 | ERROR    | 25341941 | ❌ Database initialization failed: password authentication failed for user "chronos_user"
Traceback (most recent call last):
  File "C:\Users\Admin\PP\Chromos-Search\backend\app\core\database.py", line 237, in init_db
    async with get_async_engine().begin() as conn:
  File "C:\Program Files\WindowsApps\PythonSoftwareFoundation.Python.3.11_3.11.2544.0_x64__qbz5n2kfra8p0\Lib\contextlib.py", line 210, in __aenter__
    return await anext(self.gen)
           ^^^^^^^^^^^^^^^^^^^^^
  File "C:\Users\Admin\PP\Chromos-Search\venv\Lib\site-packages\sqlalchemy\ext\asyncio\engine.py", line 1068, in begin
    async with conn:
  File "C:\Users\Admin\PP\Chromos-Search\venv\Lib\site-packages\sqlalchemy\ext\asyncio\base.py", line 121, in __aenter__
    return await self.start(is_ctxmanager=True)
           ^^^^^^^^^^^^^^^^^^^^^^^^^^^^^^^^^^^^
  File "C:\Users\Admin\PP\Chromos-Search\venv\Lib\site-packages\sqlalchemy\ext\asyncio\engine.py", line 275, in start
    await greenlet_spawn(self.sync_engine.connect)
  File "C:\Users\Admin\PP\Chromos-Search\venv\Lib\site-packages\sqlalchemy\util\_concurrency_py3k.py", line 201, in greenlet_spawn
    result = context.throw(*sys.exc_info())
             ^^^^^^^^^^^^^^^^^^^^^^^^^^^^^^
  File "C:\Users\Admin\PP\Chromos-Search\venv\Lib\site-packages\sqlalchemy\engine\base.py", line 3295, in connect
    return self._connection_cls(self)
           ^^^^^^^^^^^^^^^^^^^^^^^^^^
  File "C:\Users\Admin\PP\Chromos-Search\venv\Lib\site-packages\sqlalchemy\engine\base.py", line 144, in __init__
    self._dbapi_connection = engine.raw_connection()
                             ^^^^^^^^^^^^^^^^^^^^^^^
  File "C:\Users\Admin\PP\Chromos-Search\venv\Lib\site-packages\sqlalchemy\engine\base.py", line 3319, in raw_connection
    return self.pool.connect()
           ^^^^^^^^^^^^^^^^^^^
  File "C:\Users\Admin\PP\Chromos-Search\venv\Lib\site-packages\sqlalchemy\pool\base.py", line 448, in connect
    return _ConnectionFairy._checkout(self)
           ^^^^^^^^^^^^^^^^^^^^^^^^^^^^^^^^
  File "C:\Users\Admin\PP\Chromos-Search\venv\Lib\site-packages\sqlalchemy\pool\base.py", line 1272, in _checkout
    fairy = _ConnectionRecord.checkout(pool)
            ^^^^^^^^^^^^^^^^^^^^^^^^^^^^^^^^
  File "C:\Users\Admin\PP\Chromos-Search\venv\Lib\site-packages\sqlalchemy\pool\base.py", line 712, in checkout
    rec = pool._do_get()
          ^^^^^^^^^^^^^^
  File "C:\Users\Admin\PP\Chromos-Search\venv\Lib\site-packages\sqlalchemy\pool\impl.py", line 178, in _do_get
    with util.safe_reraise():
  File "C:\Users\Admin\PP\Chromos-Search\venv\Lib\site-packages\sqlalchemy\util\langhelpers.py", line 122, in __exit__
    raise exc_value.with_traceback(exc_tb)
  File "C:\Users\Admin\PP\Chromos-Search\venv\Lib\site-packages\sqlalchemy\pool\impl.py", line 176, in _do_get
    return self._create_connection()
           ^^^^^^^^^^^^^^^^^^^^^^^^^
  File "C:\Users\Admin\PP\Chromos-Search\venv\Lib\site-packages\sqlalchemy\pool\base.py", line 389, in _create_connection
    return _ConnectionRecord(self)
           ^^^^^^^^^^^^^^^^^^^^^^^
  File "C:\Users\Admin\PP\Chromos-Search\venv\Lib\site-packages\sqlalchemy\pool\base.py", line 674, in __init__
    self.__connect()
  File "C:\Users\Admin\PP\Chromos-Search\venv\Lib\site-packages\sqlalchemy\pool\base.py", line 900, in __connect
    with util.safe_reraise():
  File "C:\Users\Admin\PP\Chromos-Search\venv\Lib\site-packages\sqlalchemy\util\langhelpers.py", line 122, in __exit__
    raise exc_value.with_traceback(exc_tb)
  File "C:\Users\Admin\PP\Chromos-Search\venv\Lib\site-packages\sqlalchemy\pool\base.py", line 896, in __connect
    self.dbapi_connection = connection = pool._invoke_creator(self)
                                         ^^^^^^^^^^^^^^^^^^^^^^^^^^
  File "C:\Users\Admin\PP\Chromos-Search\venv\Lib\site-packages\sqlalchemy\engine\create.py", line 667, in connect
    return dialect.connect(*cargs_tup, **cparams)
           ^^^^^^^^^^^^^^^^^^^^^^^^^^^^^^^^^^^^^^
  File "C:\Users\Admin\PP\Chromos-Search\venv\Lib\site-packages\sqlalchemy\engine\default.py", line 630, in connect
    return self.loaded_dbapi.connect(*cargs, **cparams)  # type: ignore[no-any-return]  # NOQA: E501
           ^^^^^^^^^^^^^^^^^^^^^^^^^^^^^^^^^^^^^^^^^^^^
  File "C:\Users\Admin\PP\Chromos-Search\venv\Lib\site-packages\sqlalchemy\dialects\postgresql\asyncpg.py", line 955, in connect
    await_only(creator_fn(*arg, **kw)),
    ^^^^^^^^^^^^^^^^^^^^^^^^^^^^^^^^^^
  File "C:\Users\Admin\PP\Chromos-Search\venv\Lib\site-packages\sqlalchemy\util\_concurrency_py3k.py", line 132, in await_only
    return current.parent.switch(awaitable)  # type: ignore[no-any-return,attr-defined] # noqa: E501
           ^^^^^^^^^^^^^^^^^^^^^^^^^^^^^^^^
  File "C:\Users\Admin\PP\Chromos-Search\venv\Lib\site-packages\sqlalchemy\util\_concurrency_py3k.py", line 196, in greenlet_spawn
    value = await result
            ^^^^^^^^^^^^
  File "C:\Users\Admin\PP\Chromos-Search\venv\Lib\site-packages\asyncpg\connection.py", line 2443, in connect
    return await connect_utils._connect(
           ^^^^^^^^^^^^^^^^^^^^^^^^^^^^^
  File "C:\Users\Admin\PP\Chromos-Search\venv\Lib\site-packages\asyncpg\connect_utils.py", line 1218, in _connect
    conn = await _connect_addr(
           ^^^^^^^^^^^^^^^^^^^^
  File "C:\Users\Admin\PP\Chromos-Search\venv\Lib\site-packages\asyncpg\connect_utils.py", line 1054, in _connect_addr
    return await __connect_addr(params, True, *args)
           ^^^^^^^^^^^^^^^^^^^^^^^^^^^^^^^^^^^^^^^^^
  File "C:\Users\Admin\PP\Chromos-Search\venv\Lib\site-packages\asyncpg\connect_utils.py", line 1102, in __connect_addr
    await connected
asyncpg.exceptions.InvalidPasswordError: password authentication failed for user "chronos_user"
2026-09-26 17:44:10 | ERROR    | 25341941 | ❌ Database initialization failed: Database initialization failed
2026-09-26 17:45:33 | INFO     | b75b917d | 🔌 Creating async database engine for localhost:5432/chronos
2026-09-26 17:45:33 | INFO     | b75b917d | ✅ Database engine created successfully
2026-09-26 22:25:55 | INFO     | 1fe601fc | 🔌 Creating async database engine for localhost:5432/chronos
2026-09-26 22:25:55 | INFO     | 1fe601fc | ✅ Database engine created successfully
2026-09-26 22:25:56 | INFO     | 1fe601fc | 🚀 Starting Chronos Search Engine v3.0.0-masterpiece
2026-09-26 22:25:56 | INFO     | 1fe601fc | Environment: production
2026-09-26 22:25:56 | INFO     | 1fe601fc | Debug mode: False
2026-09-26 22:25:56 | ERROR    | 1fe601fc | ❌ Database initialization failed: password authentication failed for user "chronos_user"
Traceback (most recent call last):
  File "C:\Users\Admin\PP\Chromos-Search\backend\app\core\database.py", line 237, in init_db
    async with get_async_engine().begin() as conn:
  File "C:\Program Files\WindowsApps\PythonSoftwareFoundation.Python.3.11_3.11.2544.0_x64__qbz5n2kfra8p0\Lib\contextlib.py", line 210, in __aenter__
    return await anext(self.gen)
           ^^^^^^^^^^^^^^^^^^^^^
  File "C:\Users\Admin\PP\Chromos-Search\venv\Lib\site-packages\sqlalchemy\ext\asyncio\engine.py", line 1068, in begin
    async with conn:
  File "C:\Users\Admin\PP\Chromos-Search\venv\Lib\site-packages\sqlalchemy\ext\asyncio\base.py", line 121, in __aenter__
    return await self.start(is_ctxmanager=True)
           ^^^^^^^^^^^^^^^^^^^^^^^^^^^^^^^^^^^^
  File "C:\Users\Admin\PP\Chromos-Search\venv\Lib\site-packages\sqlalchemy\ext\asyncio\engine.py", line 275, in start
    await greenlet_spawn(self.sync_engine.connect)
  File "C:\Users\Admin\PP\Chromos-Search\venv\Lib\site-packages\sqlalchemy\util\_concurrency_py3k.py", line 201, in greenlet_spawn
    result = context.throw(*sys.exc_info())
             ^^^^^^^^^^^^^^^^^^^^^^^^^^^^^^
  File "C:\Users\Admin\PP\Chromos-Search\venv\Lib\site-packages\sqlalchemy\engine\base.py", line 3295, in connect
    return self._connection_cls(self)
           ^^^^^^^^^^^^^^^^^^^^^^^^^^
  File "C:\Users\Admin\PP\Chromos-Search\venv\Lib\site-packages\sqlalchemy\engine\base.py", line 144, in __init__
    self._dbapi_connection = engine.raw_connection()
                             ^^^^^^^^^^^^^^^^^^^^^^^
  File "C:\Users\Admin\PP\Chromos-Search\venv\Lib\site-packages\sqlalchemy\engine\base.py", line 3319, in raw_connection
    return self.pool.connect()
           ^^^^^^^^^^^^^^^^^^^
  File "C:\Users\Admin\PP\Chromos-Search\venv\Lib\site-packages\sqlalchemy\pool\base.py", line 448, in connect
    return _ConnectionFairy._checkout(self)
           ^^^^^^^^^^^^^^^^^^^^^^^^^^^^^^^^
  File "C:\Users\Admin\PP\Chromos-Search\venv\Lib\site-packages\sqlalchemy\pool\base.py", line 1272, in _checkout
    fairy = _ConnectionRecord.checkout(pool)
            ^^^^^^^^^^^^^^^^^^^^^^^^^^^^^^^^
  File "C:\Users\Admin\PP\Chromos-Search\venv\Lib\site-packages\sqlalchemy\pool\base.py", line 712, in checkout
    rec = pool._do_get()
          ^^^^^^^^^^^^^^
  File "C:\Users\Admin\PP\Chromos-Search\venv\Lib\site-packages\sqlalchemy\pool\impl.py", line 178, in _do_get
    with util.safe_reraise():
  File "C:\Users\Admin\PP\Chromos-Search\venv\Lib\site-packages\sqlalchemy\util\langhelpers.py", line 122, in __exit__
    raise exc_value.with_traceback(exc_tb)
  File "C:\Users\Admin\PP\Chromos-Search\venv\Lib\site-packages\sqlalchemy\pool\impl.py", line 176, in _do_get
    return self._create_connection()
           ^^^^^^^^^^^^^^^^^^^^^^^^^
  File "C:\Users\Admin\PP\Chromos-Search\venv\Lib\site-packages\sqlalchemy\pool\base.py", line 389, in _create_connection
    return _ConnectionRecord(self)
           ^^^^^^^^^^^^^^^^^^^^^^^
  File "C:\Users\Admin\PP\Chromos-Search\venv\Lib\site-packages\sqlalchemy\pool\base.py", line 674, in __init__
    self.__connect()
  File "C:\Users\Admin\PP\Chromos-Search\venv\Lib\site-packages\sqlalchemy\pool\base.py", line 900, in __connect
    with util.safe_reraise():
  File "C:\Users\Admin\PP\Chromos-Search\venv\Lib\site-packages\sqlalchemy\util\langhelpers.py", line 122, in __exit__
    raise exc_value.with_traceback(exc_tb)
  File "C:\Users\Admin\PP\Chromos-Search\venv\Lib\site-packages\sqlalchemy\pool\base.py", line 896, in __connect
    self.dbapi_connection = connection = pool._invoke_creator(self)
                                         ^^^^^^^^^^^^^^^^^^^^^^^^^^
  File "C:\Users\Admin\PP\Chromos-Search\venv\Lib\site-packages\sqlalchemy\engine\create.py", line 667, in connect
    return dialect.connect(*cargs_tup, **cparams)
           ^^^^^^^^^^^^^^^^^^^^^^^^^^^^^^^^^^^^^^
  File "C:\Users\Admin\PP\Chromos-Search\venv\Lib\site-packages\sqlalchemy\engine\default.py", line 630, in connect
    return self.loaded_dbapi.connect(*cargs, **cparams)  # type: ignore[no-any-return]  # NOQA: E501
           ^^^^^^^^^^^^^^^^^^^^^^^^^^^^^^^^^^^^^^^^^^^^
  File "C:\Users\Admin\PP\Chromos-Search\venv\Lib\site-packages\sqlalchemy\dialects\postgresql\asyncpg.py", line 955, in connect
    await_only(creator_fn(*arg, **kw)),
    ^^^^^^^^^^^^^^^^^^^^^^^^^^^^^^^^^^
  File "C:\Users\Admin\PP\Chromos-Search\venv\Lib\site-packages\sqlalchemy\util\_concurrency_py3k.py", line 132, in await_only
    return current.parent.switch(awaitable)  # type: ignore[no-any-return,attr-defined] # noqa: E501
           ^^^^^^^^^^^^^^^^^^^^^^^^^^^^^^^^
  File "C:\Users\Admin\PP\Chromos-Search\venv\Lib\site-packages\sqlalchemy\util\_concurrency_py3k.py", line 196, in greenlet_spawn
    value = await result
            ^^^^^^^^^^^^
  File "C:\Users\Admin\PP\Chromos-Search\venv\Lib\site-packages\asyncpg\connection.py", line 2443, in connect
    return await connect_utils._connect(
           ^^^^^^^^^^^^^^^^^^^^^^^^^^^^^
  File "C:\Users\Admin\PP\Chromos-Search\venv\Lib\site-packages\asyncpg\connect_utils.py", line 1218, in _connect
    conn = await _connect_addr(
           ^^^^^^^^^^^^^^^^^^^^
  File "C:\Users\Admin\PP\Chromos-Search\venv\Lib\site-packages\asyncpg\connect_utils.py", line 1054, in _connect_addr
    return await __connect_addr(params, True, *args)
           ^^^^^^^^^^^^^^^^^^^^^^^^^^^^^^^^^^^^^^^^^
  File "C:\Users\Admin\PP\Chromos-Search\venv\Lib\site-packages\asyncpg\connect_utils.py", line 1102, in __connect_addr
    await connected
asyncpg.exceptions.InvalidPasswordError: password authentication failed for user "chronos_user"
2026-09-26 22:25:56 | ERROR    | 1fe601fc | ❌ Database initialization failed: Database initialization failed
2026-09-27 22:24:48 | INFO     | 971952b3 | 🔌 Creating async database engine for localhost:5432/chronos
2026-09-27 22:24:49 | INFO     | 971952b3 | ✅ Database engine created successfully
2026-09-27 22:24:53 | INFO     | 971952b3 | 🚀 Starting Chronos Search Engine v3.0.0-masterpiece
2026-09-27 22:24:53 | INFO     | 971952b3 | Environment: production
2026-09-27 22:24:53 | INFO     | 971952b3 | Debug mode: False
2026-09-27 22:24:54 | ERROR    | 971952b3 | ❌ Database initialization failed: (sqlalchemy.dialects.postgresql.asyncpg.Error) <class 'asyncpg.exceptions.FeatureNotSupportedError'>: extension "timescaledb" is not available
HINT:  The extension must first be installed on the system where PostgreSQL is running.
[SQL: CREATE EXTENSION IF NOT EXISTS timescaledb CASCADE]
(Background on this error at: https://sqlalche.me/e/20/dbapi)
Traceback (most recent call last):
  File "C:\Users\Admin\PP\Chromos-Search\venv\Lib\site-packages\sqlalchemy\dialects\postgresql\asyncpg.py", line 550, in _prepare_and_execute
    self._rows = deque(await prepared_stmt.fetch(*parameters))
                       ^^^^^^^^^^^^^^^^^^^^^^^^^^^^^^^^^^^^^^
  File "C:\Users\Admin\PP\Chromos-Search\venv\Lib\site-packages\asyncpg\prepared_stmt.py", line 177, in fetch
    data = await self.__bind_execute(args, 0, timeout)
           ^^^^^^^^^^^^^^^^^^^^^^^^^^^^^^^^^^^^^^^^^^^
  File "C:\Users\Admin\PP\Chromos-Search\venv\Lib\site-packages\asyncpg\prepared_stmt.py", line 268, in __bind_execute
    data, status, _ = await self.__do_execute(
                      ^^^^^^^^^^^^^^^^^^^^^^^^
  File "C:\Users\Admin\PP\Chromos-Search\venv\Lib\site-packages\asyncpg\prepared_stmt.py", line 257, in __do_execute
    return await executor(protocol)
           ^^^^^^^^^^^^^^^^^^^^^^^^
  File "asyncpg/protocol/protocol.pyx", line 205, in bind_execute
asyncpg.exceptions.FeatureNotSupportedError: extension "timescaledb" is not available
HINT:  The extension must first be installed on the system where PostgreSQL is running.

The above exception was the direct cause of the following exception:

Traceback (most recent call last):
  File "C:\Users\Admin\PP\Chromos-Search\venv\Lib\site-packages\sqlalchemy\engine\base.py", line 1969, in _exec_single_context
    self.dialect.do_execute(
  File "C:\Users\Admin\PP\Chromos-Search\venv\Lib\site-packages\sqlalchemy\engine\default.py", line 952, in do_execute
    cursor.execute(statement, parameters)
  File "C:\Users\Admin\PP\Chromos-Search\venv\Lib\site-packages\sqlalchemy\dialects\postgresql\asyncpg.py", line 585, in execute
    self._adapt_connection.await_(
  File "C:\Users\Admin\PP\Chromos-Search\venv\Lib\site-packages\sqlalchemy\util\_concurrency_py3k.py", line 132, in await_only
    return current.parent.switch(awaitable)  # type: ignore[no-any-return,attr-defined] # noqa: E501
           ^^^^^^^^^^^^^^^^^^^^^^^^^^^^^^^^
  File "C:\Users\Admin\PP\Chromos-Search\venv\Lib\site-packages\sqlalchemy\util\_concurrency_py3k.py", line 196, in greenlet_spawn
    value = await result
            ^^^^^^^^^^^^
  File "C:\Users\Admin\PP\Chromos-Search\venv\Lib\site-packages\sqlalchemy\dialects\postgresql\asyncpg.py", line 563, in _prepare_and_execute
    self._handle_exception(error)
  File "C:\Users\Admin\PP\Chromos-Search\venv\Lib\site-packages\sqlalchemy\dialects\postgresql\asyncpg.py", line 513, in _handle_exception
    self._adapt_connection._handle_exception(error)
  File "C:\Users\Admin\PP\Chromos-Search\venv\Lib\site-packages\sqlalchemy\dialects\postgresql\asyncpg.py", line 797, in _handle_exception
    raise translated_error from error
sqlalchemy.dialects.postgresql.asyncpg.AsyncAdapt_asyncpg_dbapi.Error: <class 'asyncpg.exceptions.FeatureNotSupportedError'>: extension "timescaledb" is not available
HINT:  The extension must first be installed on the system where PostgreSQL is running.

The above exception was the direct cause of the following exception:

Traceback (most recent call last):
  File "C:\Users\Admin\PP\Chromos-Search\backend\app\core\database.py", line 239, in init_db
    await conn.execute(text("CREATE EXTENSION IF NOT EXISTS timescaledb CASCADE"))
  File "C:\Users\Admin\PP\Chromos-Search\venv\Lib\site-packages\sqlalchemy\ext\asyncio\engine.py", line 659, in execute
    result = await greenlet_spawn(
             ^^^^^^^^^^^^^^^^^^^^^
  File "C:\Users\Admin\PP\Chromos-Search\venv\Lib\site-packages\sqlalchemy\util\_concurrency_py3k.py", line 201, in greenlet_spawn
    result = context.throw(*sys.exc_info())
             ^^^^^^^^^^^^^^^^^^^^^^^^^^^^^^
  File "C:\Users\Admin\PP\Chromos-Search\venv\Lib\site-packages\sqlalchemy\engine\base.py", line 1421, in execute
    return meth(
           ^^^^^
  File "C:\Users\Admin\PP\Chromos-Search\venv\Lib\site-packages\sqlalchemy\sql\elements.py", line 526, in _execute_on_connection
    return connection._execute_clauseelement(
           ^^^^^^^^^^^^^^^^^^^^^^^^^^^^^^^^^^
  File "C:\Users\Admin\PP\Chromos-Search\venv\Lib\site-packages\sqlalchemy\engine\base.py", line 1643, in _execute_clauseelement
    ret = self._execute_context(
          ^^^^^^^^^^^^^^^^^^^^^^
  File "C:\Users\Admin\PP\Chromos-Search\venv\Lib\site-packages\sqlalchemy\engine\base.py", line 1848, in _execute_context
    return self._exec_single_context(
           ^^^^^^^^^^^^^^^^^^^^^^^^^^
  File "C:\Users\Admin\PP\Chromos-Search\venv\Lib\site-packages\sqlalchemy\engine\base.py", line 1988, in _exec_single_context
    self._handle_dbapi_exception(
  File "C:\Users\Admin\PP\Chromos-Search\venv\Lib\site-packages\sqlalchemy\engine\base.py", line 2365, in _handle_dbapi_exception
    raise sqlalchemy_exception.with_traceback(exc_info[2]) from e
  File "C:\Users\Admin\PP\Chromos-Search\venv\Lib\site-packages\sqlalchemy\engine\base.py", line 1969, in _exec_single_context
    self.dialect.do_execute(
  File "C:\Users\Admin\PP\Chromos-Search\venv\Lib\site-packages\sqlalchemy\engine\default.py", line 952, in do_execute
    cursor.execute(statement, parameters)
  File "C:\Users\Admin\PP\Chromos-Search\venv\Lib\site-packages\sqlalchemy\dialects\postgresql\asyncpg.py", line 585, in execute
    self._adapt_connection.await_(
  File "C:\Users\Admin\PP\Chromos-Search\venv\Lib\site-packages\sqlalchemy\util\_concurrency_py3k.py", line 132, in await_only
    return current.parent.switch(awaitable)  # type: ignore[no-any-return,attr-defined] # noqa: E501
           ^^^^^^^^^^^^^^^^^^^^^^^^^^^^^^^^
  File "C:\Users\Admin\PP\Chromos-Search\venv\Lib\site-packages\sqlalchemy\util\_concurrency_py3k.py", line 196, in greenlet_spawn
    value = await result
            ^^^^^^^^^^^^
  File "C:\Users\Admin\PP\Chromos-Search\venv\Lib\site-packages\sqlalchemy\dialects\postgresql\asyncpg.py", line 563, in _prepare_and_execute
    self._handle_exception(error)
  File "C:\Users\Admin\PP\Chromos-Search\venv\Lib\site-packages\sqlalchemy\dialects\postgresql\asyncpg.py", line 513, in _handle_exception
    self._adapt_connection._handle_exception(error)
  File "C:\Users\Admin\PP\Chromos-Search\venv\Lib\site-packages\sqlalchemy\dialects\postgresql\asyncpg.py", line 797, in _handle_exception
    raise translated_error from error
sqlalchemy.exc.DBAPIError: (sqlalchemy.dialects.postgresql.asyncpg.Error) <class 'asyncpg.exceptions.FeatureNotSupportedError'>: extension "timescaledb" is not available
HINT:  The extension must first be installed on the system where PostgreSQL is running.
[SQL: CREATE EXTENSION IF NOT EXISTS timescaledb CASCADE]
(Background on this error at: https://sqlalche.me/e/20/dbapi)
2026-09-27 22:24:54 | ERROR    | 971952b3 | ❌ Database initialization failed: Database initialization failed
2026-09-27 22:35:46 | INFO     | 02f31299 | 🔌 Creating async database engine for localhost:5432/chronos
2026-09-27 22:35:46 | INFO     | 02f31299 | ✅ Database engine created successfully
2026-09-27 22:36:15 | INFO     | 7408113f | 🔌 Creating async database engine for localhost:5432/chronos
2026-09-27 22:36:15 | INFO     | 7408113f | ✅ Database engine created successfully
2026-09-27 22:36:16 | INFO     | 7408113f | ✅ Database initialized successfully
2026-09-27 22:38:28 | INFO     | 29407e90 | 🔌 Creating async database engine for localhost:5432/chronos
2026-09-27 22:38:28 | INFO     | 29407e90 | ✅ Database engine created successfully
2026-09-27 22:38:29 | INFO     | 29407e90 | 🚀 Starting Chronos Search Engine v3.0.0-masterpiece
2026-09-27 22:38:29 | INFO     | 29407e90 | Environment: production
2026-09-27 22:38:29 | INFO     | 29407e90 | Debug mode: False
2026-09-27 22:38:29 | ERROR    | 29407e90 | ❌ Database initialization failed: (sqlalchemy.dialects.postgresql.asyncpg.ProgrammingError) <class 'asyncpg.exceptions.UndefinedObjectError'>: data type platform has no default operator class for access method "brin"
HINT:  You must specify an operator class for the index or define a default operator class for the data type.
[SQL: CREATE INDEX idx_posts_platform_date ON social_posts USING brin (platform, posted_at)]
(Background on this error at: https://sqlalche.me/e/20/f405)
Traceback (most recent call last):
  File "C:\Users\Admin\PP\Chromos-Search\venv\Lib\site-packages\sqlalchemy\dialects\postgresql\asyncpg.py", line 550, in _prepare_and_execute
    self._rows = deque(await prepared_stmt.fetch(*parameters))
                       ^^^^^^^^^^^^^^^^^^^^^^^^^^^^^^^^^^^^^^
  File "C:\Users\Admin\PP\Chromos-Search\venv\Lib\site-packages\asyncpg\prepared_stmt.py", line 177, in fetch
    data = await self.__bind_execute(args, 0, timeout)
           ^^^^^^^^^^^^^^^^^^^^^^^^^^^^^^^^^^^^^^^^^^^
  File "C:\Users\Admin\PP\Chromos-Search\venv\Lib\site-packages\asyncpg\prepared_stmt.py", line 268, in __bind_execute
    data, status, _ = await self.__do_execute(
                      ^^^^^^^^^^^^^^^^^^^^^^^^
  File "C:\Users\Admin\PP\Chromos-Search\venv\Lib\site-packages\asyncpg\prepared_stmt.py", line 257, in __do_execute
    return await executor(protocol)
           ^^^^^^^^^^^^^^^^^^^^^^^^
  File "asyncpg/protocol/protocol.pyx", line 205, in bind_execute
asyncpg.exceptions.UndefinedObjectError: data type platform has no default operator class for access method "brin"
HINT:  You must specify an operator class for the index or define a default operator class for the data type.

The above exception was the direct cause of the following exception:

Traceback (most recent call last):
  File "C:\Users\Admin\PP\Chromos-Search\venv\Lib\site-packages\sqlalchemy\engine\base.py", line 1969, in _exec_single_context
    self.dialect.do_execute(
  File "C:\Users\Admin\PP\Chromos-Search\venv\Lib\site-packages\sqlalchemy\engine\default.py", line 952, in do_execute
    cursor.execute(statement, parameters)
  File "C:\Users\Admin\PP\Chromos-Search\venv\Lib\site-packages\sqlalchemy\dialects\postgresql\asyncpg.py", line 585, in execute
    self._adapt_connection.await_(
  File "C:\Users\Admin\PP\Chromos-Search\venv\Lib\site-packages\sqlalchemy\util\_concurrency_py3k.py", line 132, in await_only
    return current.parent.switch(awaitable)  # type: ignore[no-any-return,attr-defined] # noqa: E501
           ^^^^^^^^^^^^^^^^^^^^^^^^^^^^^^^^
  File "C:\Users\Admin\PP\Chromos-Search\venv\Lib\site-packages\sqlalchemy\util\_concurrency_py3k.py", line 196, in greenlet_spawn
    value = await result
            ^^^^^^^^^^^^
  File "C:\Users\Admin\PP\Chromos-Search\venv\Lib\site-packages\sqlalchemy\dialects\postgresql\asyncpg.py", line 563, in _prepare_and_execute
    self._handle_exception(error)
  File "C:\Users\Admin\PP\Chromos-Search\venv\Lib\site-packages\sqlalchemy\dialects\postgresql\asyncpg.py", line 513, in _handle_exception
    self._adapt_connection._handle_exception(error)
  File "C:\Users\Admin\PP\Chromos-Search\venv\Lib\site-packages\sqlalchemy\dialects\postgresql\asyncpg.py", line 797, in _handle_exception
    raise translated_error from error
sqlalchemy.dialects.postgresql.asyncpg.AsyncAdapt_asyncpg_dbapi.ProgrammingError: <class 'asyncpg.exceptions.UndefinedObjectError'>: data type platform has no default operator class for access method "brin"
HINT:  You must specify an operator class for the index or define a default operator class for the data type.

The above exception was the direct cause of the following exception:

Traceback (most recent call last):
  File "C:\Users\Admin\PP\Chromos-Search\backend\app\core\database.py", line 242, in init_db
    await conn.run_sync(Base.metadata.create_all)
  File "C:\Users\Admin\PP\Chromos-Search\venv\Lib\site-packages\sqlalchemy\ext\asyncio\engine.py", line 888, in run_sync
    return await greenlet_spawn(
           ^^^^^^^^^^^^^^^^^^^^^
  File "C:\Users\Admin\PP\Chromos-Search\venv\Lib\site-packages\sqlalchemy\util\_concurrency_py3k.py", line 201, in greenlet_spawn
    result = context.throw(*sys.exc_info())
             ^^^^^^^^^^^^^^^^^^^^^^^^^^^^^^
  File "C:\Users\Admin\PP\Chromos-Search\venv\Lib\site-packages\sqlalchemy\sql\schema.py", line 5929, in create_all
    bind._run_ddl_visitor(
  File "C:\Users\Admin\PP\Chromos-Search\venv\Lib\site-packages\sqlalchemy\engine\base.py", line 2469, in _run_ddl_visitor
    ).traverse_single(element)
      ^^^^^^^^^^^^^^^^^^^^^^^^
  File "C:\Users\Admin\PP\Chromos-Search\venv\Lib\site-packages\sqlalchemy\sql\visitors.py", line 661, in traverse_single
    return meth(obj, **kw)
           ^^^^^^^^^^^^^^^
  File "C:\Users\Admin\PP\Chromos-Search\venv\Lib\site-packages\sqlalchemy\sql\ddl.py", line 985, in visit_metadata
    self.traverse_single(
  File "C:\Users\Admin\PP\Chromos-Search\venv\Lib\site-packages\sqlalchemy\sql\visitors.py", line 661, in traverse_single
    return meth(obj, **kw)
           ^^^^^^^^^^^^^^^
  File "C:\Users\Admin\PP\Chromos-Search\venv\Lib\site-packages\sqlalchemy\sql\ddl.py", line 1027, in visit_table
    self.traverse_single(index, create_ok=True)
  File "C:\Users\Admin\PP\Chromos-Search\venv\Lib\site-packages\sqlalchemy\sql\visitors.py", line 661, in traverse_single
    return meth(obj, **kw)
           ^^^^^^^^^^^^^^^
  File "C:\Users\Admin\PP\Chromos-Search\venv\Lib\site-packages\sqlalchemy\sql\ddl.py", line 1064, in visit_index
    CreateIndex(index)._invoke_with(self.connection)
  File "C:\Users\Admin\PP\Chromos-Search\venv\Lib\site-packages\sqlalchemy\sql\ddl.py", line 322, in _invoke_with
    return bind.execute(self)
           ^^^^^^^^^^^^^^^^^^
  File "C:\Users\Admin\PP\Chromos-Search\venv\Lib\site-packages\sqlalchemy\engine\base.py", line 1421, in execute
    return meth(
           ^^^^^
  File "C:\Users\Admin\PP\Chromos-Search\venv\Lib\site-packages\sqlalchemy\sql\ddl.py", line 188, in _execute_on_connection
    return connection._execute_ddl(
           ^^^^^^^^^^^^^^^^^^^^^^^^
  File "C:\Users\Admin\PP\Chromos-Search\venv\Lib\site-packages\sqlalchemy\engine\base.py", line 1532, in _execute_ddl
    ret = self._execute_context(
          ^^^^^^^^^^^^^^^^^^^^^^
  File "C:\Users\Admin\PP\Chromos-Search\venv\Lib\site-packages\sqlalchemy\engine\base.py", line 1848, in _execute_context
    return self._exec_single_context(
           ^^^^^^^^^^^^^^^^^^^^^^^^^^
  File "C:\Users\Admin\PP\Chromos-Search\venv\Lib\site-packages\sqlalchemy\engine\base.py", line 1988, in _exec_single_context
    self._handle_dbapi_exception(
  File "C:\Users\Admin\PP\Chromos-Search\venv\Lib\site-packages\sqlalchemy\engine\base.py", line 2365, in _handle_dbapi_exception
    raise sqlalchemy_exception.with_traceback(exc_info[2]) from e
  File "C:\Users\Admin\PP\Chromos-Search\venv\Lib\site-packages\sqlalchemy\engine\base.py", line 1969, in _exec_single_context
    self.dialect.do_execute(
  File "C:\Users\Admin\PP\Chromos-Search\venv\Lib\site-packages\sqlalchemy\engine\default.py", line 952, in do_execute
    cursor.execute(statement, parameters)
  File "C:\Users\Admin\PP\Chromos-Search\venv\Lib\site-packages\sqlalchemy\dialects\postgresql\asyncpg.py", line 585, in execute
    self._adapt_connection.await_(
  File "C:\Users\Admin\PP\Chromos-Search\venv\Lib\site-packages\sqlalchemy\util\_concurrency_py3k.py", line 132, in await_only
    return current.parent.switch(awaitable)  # type: ignore[no-any-return,attr-defined] # noqa: E501
           ^^^^^^^^^^^^^^^^^^^^^^^^^^^^^^^^
  File "C:\Users\Admin\PP\Chromos-Search\venv\Lib\site-packages\sqlalchemy\util\_concurrency_py3k.py", line 196, in greenlet_spawn
    value = await result
            ^^^^^^^^^^^^
  File "C:\Users\Admin\PP\Chromos-Search\venv\Lib\site-packages\sqlalchemy\dialects\postgresql\asyncpg.py", line 563, in _prepare_and_execute
    self._handle_exception(error)
  File "C:\Users\Admin\PP\Chromos-Search\venv\Lib\site-packages\sqlalchemy\dialects\postgresql\asyncpg.py", line 513, in _handle_exception
    self._adapt_connection._handle_exception(error)
  File "C:\Users\Admin\PP\Chromos-Search\venv\Lib\site-packages\sqlalchemy\dialects\postgresql\asyncpg.py", line 797, in _handle_exception
    raise translated_error from error
sqlalchemy.exc.ProgrammingError: (sqlalchemy.dialects.postgresql.asyncpg.ProgrammingError) <class 'asyncpg.exceptions.UndefinedObjectError'>: data type platform has no default operator class for access method "brin"
HINT:  You must specify an operator class for the index or define a default operator class for the data type.
[SQL: CREATE INDEX idx_posts_platform_date ON social_posts USING brin (platform, posted_at)]
(Background on this error at: https://sqlalche.me/e/20/f405)
2026-09-27 22:38:29 | ERROR    | 29407e90 | ❌ Database initialization failed: Database initialization failed
2026-09-27 22:39:22 | INFO     | 771d0299 | 🔌 Creating async database engine for localhost:5432/chronos
2026-09-27 22:39:22 | INFO     | 771d0299 | ✅ Database engine created successfully
2026-09-27 22:39:22 | INFO     | 771d0299 | ✅ Database initialized successfully
2026-09-27 22:39:47 | INFO     | 784af107 | 🔌 Creating async database engine for localhost:5432/chronos
2026-09-27 22:39:47 | INFO     | 784af107 | ✅ Database engine created successfully
2026-09-27 22:39:48 | INFO     | 784af107 | ✅ Database initialized successfully
2026-09-27 22:42:57 | INFO     | 165e1ddb | 🔌 Creating async database engine for localhost:5432/chronos
2026-09-27 22:42:57 | INFO     | 165e1ddb | ✅ Database engine created successfully
2026-09-27 22:42:58 | INFO     | 165e1ddb | ✅ Database initialized successfully
2026-09-27 22:46:41 | INFO     | f5fc1198 | 🔌 Creating async database engine for localhost:5432/chronos
2026-09-27 22:46:41 | INFO     | f5fc1198 | ✅ Database engine created successfully
2026-09-27 22:46:42 | INFO     | f5fc1198 | 🚀 Starting Chronos Search Engine v3.0.0-masterpiece
2026-09-27 22:46:42 | INFO     | f5fc1198 | Environment: production
2026-09-27 22:46:42 | INFO     | f5fc1198 | Debug mode: False
2026-09-27 22:46:42 | INFO     | f5fc1198 | ✅ Database initialized successfully
2026-09-27 22:46:42 | INFO     | f5fc1198 | ✅ Database initialized
2026-09-27 22:46:42 | INFO     | f5fc1198 | ✅ Database health: healthy
2026-09-27 22:46:44 | INFO     | f5fc1198 | ✅ Redis connection established
2026-09-27 22:46:44 | INFO     | f5fc1198 | ✅ Chronos Search Engine is ready!
2026-09-27 22:46:44 | INFO     | f5fc1198 | 📍 API: http://0.0.0.0:8000/api/v1
2026-09-27 22:46:44 | INFO     | f5fc1198 | 📍 Docs: http://0.0.0.0:8000/docs
2026-09-27 22:48:17 | INFO     | f5fc1198 | 🛑 Chronos Search Engine shutting down...
2026-09-27 22:48:17 | INFO     | f5fc1198 | ✅ Database connections closed
2026-09-27 22:48:20 | INFO     | cb79d024 | 🔌 Creating async database engine for localhost:5432/chronos
2026-09-27 22:48:20 | INFO     | cb79d024 | ✅ Database engine created successfully
2026-09-27 22:48:20 | INFO     | cb79d024 | 🚀 Starting Chronos Search Engine v3.0.0-masterpiece
2026-09-27 22:48:20 | INFO     | cb79d024 | Environment: production
2026-09-27 22:48:20 | INFO     | cb79d024 | Debug mode: False
2026-09-27 22:48:20 | INFO     | cb79d024 | ✅ Database initialized successfully
2026-09-27 22:48:20 | INFO     | cb79d024 | ✅ Database initialized
2026-09-27 22:48:20 | INFO     | cb79d024 | ✅ Database health: healthy
2026-09-27 22:48:22 | INFO     | cb79d024 | ✅ Redis connection established
2026-09-27 22:48:22 | INFO     | cb79d024 | ✅ Chronos Search Engine is ready!
2026-09-27 22:48:22 | INFO     | cb79d024 | 📍 API: http://localhost:8000/api/v1
2026-09-27 22:48:22 | INFO     | cb79d024 | 📍 Docs: http://localhost:8000/docs
2026-09-27 22:48:29 | INFO     | cb79d024 | Request: GET /docs
2026-09-27 22:48:30 | INFO     | cb79d024 | Response: GET /docs -> 400
2026-09-27 22:48:30 | INFO     | cb79d024 | Request: GET /favicon.ico
2026-09-27 22:48:30 | INFO     | cb79d024 | Response: GET /favicon.ico -> 400
2026-09-27 22:48:39 | INFO     | cb79d024 | Request: GET /docs
2026-09-27 22:48:40 | INFO     | cb79d024 | Response: GET /docs -> 400
2026-09-27 22:48:40 | INFO     | cb79d024 | Request: GET /favicon.ico
2026-09-27 22:48:40 | INFO     | cb79d024 | Response: GET /favicon.ico -> 400
2026-09-27 22:50:04 | INFO     | cb79d024 | 🛑 Chronos Search Engine shutting down...
2026-09-27 22:50:04 | INFO     | cb79d024 | ✅ Database connections closed
2026-09-27 22:50:07 | INFO     | 33268bd8 | 🔌 Creating async database engine for localhost:5432/chronos
2026-09-27 22:50:07 | INFO     | 33268bd8 | ✅ Database engine created successfully
2026-09-27 22:50:08 | INFO     | 33268bd8 | 🚀 Starting Chronos Search Engine v3.0.0-masterpiece
2026-09-27 22:50:08 | INFO     | 33268bd8 | Environment: production
2026-09-27 22:50:08 | INFO     | 33268bd8 | Debug mode: False
2026-09-27 22:50:08 | INFO     | 33268bd8 | ✅ Database initialized successfully
2026-09-27 22:50:08 | INFO     | 33268bd8 | ✅ Database initialized
2026-09-27 22:50:08 | INFO     | 33268bd8 | ✅ Database health: healthy
2026-09-27 22:50:10 | INFO     | 33268bd8 | ✅ Redis connection established
2026-09-27 22:50:10 | INFO     | 33268bd8 | ✅ Chronos Search Engine is ready!
2026-09-27 22:50:10 | INFO     | 33268bd8 | 📍 API: http://localhost:8000/api/v1
2026-09-27 22:50:10 | INFO     | 33268bd8 | 📍 Docs: http://localhost:8000/docs
2026-09-27 22:50:11 | INFO     | 33268bd8 | 🛑 Chronos Search Engine shutting down...
2026-09-27 22:50:11 | INFO     | 33268bd8 | ✅ Database connections closed
2026-09-27 22:50:13 | INFO     | 8247a422 | 🔌 Creating async database engine for localhost:5432/chronos
2026-09-27 22:50:13 | INFO     | 8247a422 | ✅ Database engine created successfully
2026-09-27 22:50:14 | INFO     | 8247a422 | 🚀 Starting Chronos Search Engine v3.0.0-masterpiece
2026-09-27 22:50:14 | INFO     | 8247a422 | Environment: production
2026-09-27 22:50:14 | INFO     | 8247a422 | Debug mode: False
2026-09-27 22:50:14 | INFO     | 8247a422 | ✅ Database initialized successfully
2026-09-27 22:50:14 | INFO     | 8247a422 | ✅ Database initialized
2026-09-27 22:50:14 | INFO     | 8247a422 | ✅ Database health: healthy
2026-09-27 22:50:16 | INFO     | 8247a422 | ✅ Redis connection established
2026-09-27 22:50:16 | INFO     | 8247a422 | ✅ Chronos Search Engine is ready!
2026-09-27 22:50:16 | INFO     | 8247a422 | 📍 API: http://localhost:8000/api/v1
2026-09-27 22:50:16 | INFO     | 8247a422 | 📍 Docs: http://localhost:8000/docs
2026-09-27 22:50:17 | INFO     | 4b4192ca | 🔌 Creating async database engine for localhost:5432/chronos
2026-09-27 22:50:17 | INFO     | 4b4192ca | ✅ Database engine created successfully
2026-09-27 22:50:26 | INFO     | 8247a422 | Request: GET /docs
2026-09-27 22:50:26 | INFO     | 8247a422 | Response: GET /docs -> 404
2026-09-27 22:50:33 | INFO     | 8247a422 | Request: GET /api/v1
2026-09-27 22:50:33 | INFO     | 8247a422 | Response: GET /api/v1 -> 404
2026-09-27 22:50:43 | INFO     | 8247a422 | 🛑 Chronos Search Engine shutting down...
2026-09-27 22:50:43 | INFO     | 8247a422 | ✅ Database connections closed
2026-09-27 22:50:45 | INFO     | afb3c8f9 | 🔌 Creating async database engine for localhost:5432/chronos
2026-09-27 22:50:45 | INFO     | afb3c8f9 | ✅ Database engine created successfully
2026-09-27 22:50:46 | INFO     | afb3c8f9 | 🚀 Starting Chronos Search Engine v3.0.0-masterpiece
2026-09-27 22:50:46 | INFO     | afb3c8f9 | Environment: production
2026-09-27 22:50:46 | INFO     | afb3c8f9 | Debug mode: False
2026-09-27 22:50:46 | INFO     | afb3c8f9 | ✅ Database initialized successfully
2026-09-27 22:50:46 | INFO     | afb3c8f9 | ✅ Database initialized
2026-09-27 22:50:46 | INFO     | afb3c8f9 | ✅ Database health: healthy
2026-09-27 22:50:48 | INFO     | afb3c8f9 | ✅ Redis connection established
2026-09-27 22:50:48 | INFO     | afb3c8f9 | ✅ Chronos Search Engine is ready!
2026-09-27 22:50:48 | INFO     | afb3c8f9 | 📍 API: http://localhost:8000/api/v1
2026-09-27 22:50:48 | INFO     | afb3c8f9 | 📍 Docs: http://localhost:8000/docs
2026-09-27 22:50:48 | INFO     | afb3c8f9 | 🛑 Chronos Search Engine shutting down...
2026-09-27 22:50:48 | INFO     | afb3c8f9 | ✅ Database connections closed
2026-09-27 22:50:51 | INFO     | 32c14ac2 | 🔌 Creating async database engine for localhost:5432/chronos
2026-09-27 22:50:51 | INFO     | 32c14ac2 | ✅ Database engine created successfully
2026-09-27 22:50:52 | INFO     | 6436980c | 🔌 Creating async database engine for localhost:5432/chronos
2026-09-27 22:50:52 | INFO     | 32c14ac2 | 🚀 Starting Chronos Search Engine v3.0.0-masterpiece
2026-09-27 22:50:52 | INFO     | 32c14ac2 | Environment: production
2026-09-27 22:50:52 | INFO     | 32c14ac2 | Debug mode: False
2026-09-27 22:50:52 | INFO     | 6436980c | ✅ Database engine created successfully
2026-09-27 22:50:52 | INFO     | 32c14ac2 | ✅ Database initialized successfully
2026-09-27 22:50:52 | INFO     | 32c14ac2 | ✅ Database initialized
2026-09-27 22:50:52 | INFO     | 32c14ac2 | ✅ Database health: healthy
2026-09-27 22:50:52 | INFO     | 6436980c | Request: GET /api/v1/health/
2026-09-27 22:50:53 | INFO     | 6436980c | Response: GET /api/v1/health/ -> 200
2026-09-27 22:50:54 | INFO     | 32c14ac2 | ✅ Redis connection established
2026-09-27 22:50:54 | INFO     | 32c14ac2 | ✅ Chronos Search Engine is ready!
2026-09-27 22:50:54 | INFO     | 32c14ac2 | 📍 API: http://localhost:8000/api/v1
2026-09-27 22:50:54 | INFO     | 32c14ac2 | 📍 Docs: http://localhost:8000/docs
2026-09-27 22:50:57 | INFO     | 32c14ac2 | Request: GET /docs
2026-09-27 22:50:58 | INFO     | 32c14ac2 | Response: GET /docs -> 404
2026-09-27 22:51:03 | INFO     | 32c14ac2 | Request: GET /api/v1
2026-09-27 22:51:03 | INFO     | 32c14ac2 | Response: GET /api/v1 -> 404
2026-09-27 22:51:33 | INFO     | a3185e40 | 🔌 Creating async database engine for localhost:5432/chronos
2026-09-27 22:51:33 | INFO     | a3185e40 | ✅ Database engine created successfully
2026-09-27 22:51:34 | INFO     | a3185e40 | 🚀 Starting Chronos Search Engine v3.0.0-masterpiece
2026-09-27 22:51:34 | INFO     | a3185e40 | Environment: production
2026-09-27 22:51:34 | INFO     | a3185e40 | Debug mode: False
2026-09-27 22:51:34 | INFO     | a3185e40 | ✅ Database initialized successfully
2026-09-27 22:51:34 | INFO     | a3185e40 | ✅ Database initialized
2026-09-27 22:51:34 | INFO     | a3185e40 | ✅ Database health: healthy
2026-09-27 22:51:36 | INFO     | a3185e40 | ✅ Redis connection established
2026-09-27 22:51:36 | INFO     | a3185e40 | ✅ Chronos Search Engine is ready!
2026-09-27 22:51:36 | INFO     | a3185e40 | 📍 API: http://localhost:8000/api/v1
2026-09-27 22:51:36 | INFO     | a3185e40 | 📍 Docs: http://localhost:8000/docs
2026-09-27 22:51:40 | INFO     | a3185e40 | Request: GET /docs
2026-09-27 22:51:40 | INFO     | a3185e40 | Response: GET /docs -> 404
2026-09-27 22:53:40 | INFO     | a3185e40 | 🛑 Chronos Search Engine shutting down...
2026-09-27 22:53:40 | INFO     | a3185e40 | ✅ Database connections closed
2026-09-27 22:53:42 | INFO     | 5926f085 | 🔌 Creating async database engine for localhost:5432/chronos
2026-09-27 22:53:42 | INFO     | 5926f085 | ✅ Database engine created successfully
2026-09-27 22:53:43 | INFO     | 5926f085 | 🚀 Starting Chronos Search Engine v3.0.0-masterpiece
2026-09-27 22:53:43 | INFO     | 5926f085 | Environment: production
2026-09-27 22:53:43 | INFO     | 5926f085 | Debug mode: True
2026-09-27 22:53:43 | INFO     | 5926f085 | ✅ Database initialized successfully
2026-09-27 22:53:43 | INFO     | 5926f085 | ✅ Database initialized
2026-09-27 22:53:43 | INFO     | 5926f085 | ✅ Database health: healthy
2026-09-27 22:53:45 | INFO     | 5926f085 | ✅ Redis connection established
2026-09-27 22:53:45 | INFO     | 5926f085 | ✅ Chronos Search Engine is ready!
2026-09-27 22:53:45 | INFO     | 5926f085 | 📍 API: http://localhost:8000/api/v1
2026-09-27 22:53:45 | INFO     | 5926f085 | 📍 Docs: http://localhost:8000/docs
2026-09-27 22:53:50 | INFO     | 5926f085 | Request: GET /api/v1
2026-09-27 22:53:50 | INFO     | 5926f085 | Response: GET /api/v1 -> 404
2026-09-27 22:54:16 | INFO     | 5926f085 | Request: GET /api/v1
2026-09-27 22:54:16 | INFO     | 5926f085 | Response: GET /api/v1 -> 404
2026-09-27 22:55:07 | INFO     | 0440da51 | 🔌 Creating async database engine for localhost:5432/chronos
2026-09-27 22:55:07 | INFO     | 0440da51 | ✅ Database engine created successfully
2026-09-27 22:55:20 | INFO     | 761e574b | 🔌 Creating async database engine for localhost:5432/chronos
2026-09-27 22:55:20 | INFO     | 761e574b | ✅ Database engine created successfully
2026-09-27 22:55:21 | INFO     | 761e574b | Request: GET /docs
2026-09-27 22:55:21 | INFO     | 761e574b | Response: GET /docs -> 200
2026-09-27 22:55:48 | INFO     | 5926f085 | 🛑 Chronos Search Engine shutting down...
2026-09-27 22:55:48 | INFO     | 5926f085 | ✅ Database connections closed
2026-09-27 22:55:54 | INFO     | 148513ac | 🔌 Creating async database engine for localhost:5432/chronos
2026-09-27 22:55:54 | INFO     | 148513ac | ✅ Database engine created successfully
2026-09-27 22:55:54 | INFO     | 148513ac | 🚀 Starting Chronos Search Engine v3.0.0-masterpiece
2026-09-27 22:55:54 | INFO     | 148513ac | Environment: production
2026-09-27 22:55:54 | INFO     | 148513ac | Debug mode: True
2026-09-27 22:55:55 | INFO     | 148513ac | ✅ Database initialized successfully
2026-09-27 22:55:55 | INFO     | 148513ac | ✅ Database initialized
2026-09-27 22:55:55 | INFO     | 148513ac | ✅ Database health: healthy
2026-09-27 22:55:57 | INFO     | 148513ac | ✅ Redis connection established
2026-09-27 22:55:57 | INFO     | 148513ac | ✅ Chronos Search Engine is ready!
2026-09-27 22:55:57 | INFO     | 148513ac | 📍 API: http://localhost:8000/api/v1
2026-09-27 22:55:57 | INFO     | 148513ac | 📍 Docs: http://localhost:8000/docs
2026-09-27 22:56:01 | INFO     | 148513ac | Request: GET /api/v1
2026-09-27 22:56:01 | INFO     | 148513ac | Response: GET /api/v1 -> 404
2026-09-27 22:56:03 | INFO     | 148513ac | Request: GET /api/v1
2026-09-27 22:56:04 | INFO     | 148513ac | Response: GET /api/v1 -> 404
2026-09-27 22:56:25 | INFO     | 148513ac | Request: GET /docs
2026-09-27 22:56:25 | INFO     | 148513ac | Response: GET /docs -> 200
2026-09-27 22:56:26 | INFO     | 148513ac | Request: GET /api/v1/health/
2026-09-27 22:56:26 | INFO     | 148513ac | Response: GET /api/v1/health/ -> 200
2026-09-27 22:56:58 | INFO     | 148513ac | Request: GET /api/v1
2026-09-27 22:56:58 | INFO     | 148513ac | Response: GET /api/v1 -> 404
2026-09-27 22:57:17 | INFO     | 148513ac | Request: GET /api/v1
2026-09-27 22:57:17 | INFO     | 148513ac | Response: GET /api/v1 -> 404
2026-09-27 22:57:24 | INFO     | 148513ac | Request: GET /api/v1/health
2026-09-27 22:57:24 | INFO     | 148513ac | Response: GET /api/v1/health -> 307
2026-09-27 22:57:24 | INFO     | 148513ac | Request: GET /api/v1/health/
2026-09-27 22:57:24 | INFO     | 148513ac | Response: GET /api/v1/health/ -> 200
2026-09-27 22:57:34 | INFO     | 148513ac | Request: GET /docs
2026-09-27 22:57:34 | INFO     | 148513ac | Response: GET /docs -> 200
2026-09-27 22:57:35 | INFO     | 148513ac | Request: GET /openapi.json
2026-09-27 22:57:35 | INFO     | 148513ac | Response: GET /openapi.json -> 200
2026-09-27 23:02:41 | INFO     | 148513ac | 🛑 Chronos Search Engine shutting down...
2026-09-27 23:02:41 | INFO     | 148513ac | ✅ Database connections closed
2026-09-27 23:02:43 | INFO     | a1b94188 | 🔌 Creating async database engine for localhost:5432/chronos
2026-09-27 23:02:43 | INFO     | a1b94188 | ✅ Database engine created successfully
2026-09-27 23:02:44 | INFO     | a1b94188 | 🚀 Starting Chronos Search Engine v3.0.0-masterpiece
2026-09-27 23:02:44 | INFO     | a1b94188 | Environment: production
2026-09-27 23:02:44 | INFO     | a1b94188 | Debug mode: True
2026-09-27 23:02:44 | INFO     | a1b94188 | ✅ Database initialized successfully
2026-09-27 23:02:44 | INFO     | a1b94188 | ✅ Database initialized
2026-09-27 23:02:44 | INFO     | a1b94188 | ✅ Database health: healthy
2026-09-27 23:02:46 | INFO     | a1b94188 | ✅ Redis connection established
2026-09-27 23:02:46 | INFO     | a1b94188 | ✅ Chronos Search Engine is ready!
2026-09-27 23:02:46 | INFO     | a1b94188 | 📍 API: http://localhost:8000/api/v1
2026-09-27 23:02:46 | INFO     | a1b94188 | 📍 Docs: http://localhost:8000/docs
2026-09-27 23:02:47 | INFO     | a1b94188 | 🛑 Chronos Search Engine shutting down...
2026-09-27 23:02:47 | INFO     | a1b94188 | ✅ Database connections closed
2026-09-27 23:02:49 | INFO     | 6502c85d | 🔌 Creating async database engine for localhost:5432/chronos
2026-09-27 23:02:49 | INFO     | 6502c85d | ✅ Database engine created successfully
2026-09-27 23:02:50 | INFO     | dc0b6733 | 🔌 Creating async database engine for localhost:5432/chronos
2026-09-27 23:02:50 | INFO     | dc0b6733 | ✅ Database engine created successfully
2026-09-27 23:02:50 | INFO     | 6502c85d | 🚀 Starting Chronos Search Engine v3.0.0-masterpiece
2026-09-27 23:02:50 | INFO     | 6502c85d | Environment: production
2026-09-27 23:02:50 | INFO     | 6502c85d | Debug mode: True
2026-09-27 23:02:50 | INFO     | 6502c85d | ✅ Database initialized successfully
2026-09-27 23:02:50 | INFO     | 6502c85d | ✅ Database initialized
2026-09-27 23:02:50 | INFO     | 6502c85d | ✅ Database health: healthy
2026-09-27 23:02:52 | INFO     | 6502c85d | ✅ Redis connection established
2026-09-27 23:02:52 | INFO     | 6502c85d | ✅ Chronos Search Engine is ready!
2026-09-27 23:02:52 | INFO     | 6502c85d | 📍 API: http://localhost:8000/api/v1
2026-09-27 23:02:52 | INFO     | 6502c85d | 📍 Docs: http://localhost:8000/docs
2026-09-27 23:06:12 | INFO     | 6502c85d | 🛑 Chronos Search Engine shutting down...
2026-09-27 23:06:12 | INFO     | 6502c85d | ✅ Database connections closed
2026-09-27 23:06:14 | INFO     | ce7c7761 | 🔌 Creating async database engine for localhost:5432/chronos
2026-09-27 23:06:14 | INFO     | ce7c7761 | ✅ Database engine created successfully
2026-09-27 23:06:15 | INFO     | ce7c7761 | 🚀 Starting Chronos Search Engine v3.0.0-masterpiece
2026-09-27 23:06:15 | INFO     | ce7c7761 | Environment: production
2026-09-27 23:06:15 | INFO     | ce7c7761 | Debug mode: True
2026-09-27 23:06:15 | INFO     | ce7c7761 | ✅ Database initialized successfully
2026-09-27 23:06:15 | INFO     | ce7c7761 | ✅ Database initialized
2026-09-27 23:06:15 | INFO     | ce7c7761 | ✅ Database health: healthy
2026-09-27 23:06:17 | INFO     | ce7c7761 | ✅ Redis connection established
2026-09-27 23:06:17 | INFO     | ce7c7761 | ✅ Chronos Search Engine is ready!
2026-09-27 23:06:17 | INFO     | ce7c7761 | 📍 API: http://localhost:8000/api/v1
2026-09-27 23:06:17 | INFO     | ce7c7761 | 📍 Docs: http://localhost:8000/docs
2026-09-27 23:06:17 | INFO     | ce7c7761 | 🛑 Chronos Search Engine shutting down...
2026-09-27 23:06:17 | INFO     | ce7c7761 | ✅ Database connections closed
2026-09-27 23:06:20 | INFO     | 02ce3400 | 🔌 Creating async database engine for localhost:5432/chronos
2026-09-27 23:06:20 | INFO     | 02ce3400 | ✅ Database engine created successfully
2026-09-27 23:06:21 | INFO     | 02ce3400 | 🚀 Starting Chronos Search Engine v3.0.0-masterpiece
2026-09-27 23:06:21 | INFO     | 02ce3400 | Environment: production
2026-09-27 23:06:21 | INFO     | 02ce3400 | Debug mode: True
2026-09-27 23:06:21 | INFO     | 02ce3400 | ✅ Database initialized successfully
2026-09-27 23:06:21 | INFO     | 02ce3400 | ✅ Database initialized
2026-09-27 23:06:21 | INFO     | 02ce3400 | ✅ Database health: healthy
2026-09-27 23:06:23 | INFO     | 1749d941 | 🔌 Creating async database engine for localhost:5432/chronos
2026-09-27 23:06:23 | INFO     | 1749d941 | ✅ Database engine created successfully
2026-09-27 23:06:23 | INFO     | 02ce3400 | ✅ Redis connection established
2026-09-27 23:06:23 | INFO     | 02ce3400 | ✅ Chronos Search Engine is ready!
2026-09-27 23:06:23 | INFO     | 02ce3400 | 📍 API: http://localhost:8000/api/v1
2026-09-27 23:06:23 | INFO     | 02ce3400 | 📍 Docs: http://localhost:8000/docs
2026-09-27 23:06:30 | INFO     | 02ce3400 | Request: GET /api/v1/health/
2026-09-27 23:06:30 | INFO     | 02ce3400 | Response: GET /api/v1/health/ -> 200
2026-09-27 23:06:54 | INFO     | 02ce3400 | 🛑 Chronos Search Engine shutting down...
2026-09-27 23:06:54 | INFO     | 02ce3400 | ✅ Database connections closed
2026-09-27 23:06:57 | INFO     | e4354125 | 🔌 Creating async database engine for localhost:5432/chronos
2026-09-27 23:06:57 | INFO     | e4354125 | ✅ Database engine created successfully
2026-09-27 23:06:58 | INFO     | e4354125 | 🚀 Starting Chronos Search Engine v3.0.0-masterpiece
2026-09-27 23:06:58 | INFO     | e4354125 | Environment: production
2026-09-27 23:06:58 | INFO     | e4354125 | Debug mode: True
2026-09-27 23:06:58 | INFO     | e4354125 | ✅ Database initialized successfully
2026-09-27 23:06:58 | INFO     | e4354125 | ✅ Database initialized
2026-09-27 23:06:58 | INFO     | e4354125 | ✅ Database health: healthy
2026-09-27 23:07:00 | INFO     | e4354125 | ✅ Redis connection established
2026-09-27 23:07:00 | INFO     | e4354125 | ✅ Chronos Search Engine is ready!
2026-09-27 23:07:00 | INFO     | e4354125 | 📍 API: http://localhost:8000/api/v1
2026-09-27 23:07:00 | INFO     | e4354125 | 📍 Docs: http://localhost:8000/docs
2026-09-27 23:07:00 | INFO     | e4354125 | 🛑 Chronos Search Engine shutting down...
2026-09-27 23:07:00 | INFO     | e4354125 | ✅ Database connections closed
2026-09-27 23:07:02 | INFO     | 04bf550b | 🔌 Creating async database engine for localhost:5432/chronos
2026-09-27 23:07:02 | INFO     | 04bf550b | ✅ Database engine created successfully
2026-09-27 23:07:02 | INFO     | 19c9c61b | 🔌 Creating async database engine for localhost:5432/chronos
2026-09-27 23:07:02 | INFO     | 19c9c61b | ✅ Database engine created successfully
2026-09-27 23:07:03 | INFO     | 04bf550b | 🚀 Starting Chronos Search Engine v3.0.0-masterpiece
2026-09-27 23:07:03 | INFO     | 04bf550b | Environment: production
2026-09-27 23:07:03 | INFO     | 04bf550b | Debug mode: True
2026-09-27 23:07:03 | INFO     | 04bf550b | ✅ Database initialized successfully
2026-09-27 23:07:03 | INFO     | 04bf550b | ✅ Database initialized
2026-09-27 23:07:03 | INFO     | 04bf550b | ✅ Database health: healthy
2026-09-27 23:07:04 | INFO     | 19c9c61b | User registered: newuser@example.com
2026-09-27 23:07:05 | INFO     | 04bf550b | ✅ Redis connection established
2026-09-27 23:07:05 | INFO     | 04bf550b | ✅ Chronos Search Engine is ready!
2026-09-27 23:07:05 | INFO     | 04bf550b | 📍 API: http://localhost:8000/api/v1
2026-09-27 23:07:05 | INFO     | 04bf550b | 📍 Docs: http://localhost:8000/docs
2026-09-27 23:07:30 | INFO     | 04bf550b | 🛑 Chronos Search Engine shutting down...
2026-09-27 23:07:30 | INFO     | 04bf550b | ✅ Database connections closed
2026-09-27 23:07:32 | INFO     | d58dcce7 | 🔌 Creating async database engine for localhost:5432/chronos
2026-09-27 23:07:32 | INFO     | d58dcce7 | ✅ Database engine created successfully
2026-09-27 23:07:33 | INFO     | d58dcce7 | 🚀 Starting Chronos Search Engine v3.0.0-masterpiece
2026-09-27 23:07:33 | INFO     | d58dcce7 | Environment: production
2026-09-27 23:07:33 | INFO     | d58dcce7 | Debug mode: True
2026-09-27 23:07:33 | INFO     | d58dcce7 | ✅ Database initialized successfully
2026-09-27 23:07:33 | INFO     | d58dcce7 | ✅ Database initialized
2026-09-27 23:07:33 | INFO     | d58dcce7 | ✅ Database health: healthy
2026-09-27 23:07:35 | INFO     | d58dcce7 | ✅ Redis connection established
2026-09-27 23:07:35 | INFO     | d58dcce7 | ✅ Chronos Search Engine is ready!
2026-09-27 23:07:35 | INFO     | d58dcce7 | 📍 API: http://localhost:8000/api/v1
2026-09-27 23:07:35 | INFO     | d58dcce7 | 📍 Docs: http://localhost:8000/docs
2026-09-27 23:07:36 | INFO     | d58dcce7 | 🛑 Chronos Search Engine shutting down...
2026-09-27 23:07:36 | INFO     | d58dcce7 | ✅ Database connections closed
2026-09-27 23:07:39 | INFO     | 9c6e5bb9 | 🔌 Creating async database engine for localhost:5432/chronos
2026-09-27 23:07:39 | INFO     | 9c6e5bb9 | ✅ Database engine created successfully
2026-09-27 23:07:40 | INFO     | 9c6e5bb9 | 🚀 Starting Chronos Search Engine v3.0.0-masterpiece
2026-09-27 23:07:40 | INFO     | 9c6e5bb9 | Environment: production
2026-09-27 23:07:40 | INFO     | 9c6e5bb9 | Debug mode: True
2026-09-27 23:07:40 | INFO     | 9c6e5bb9 | ✅ Database initialized successfully
2026-09-27 23:07:40 | INFO     | 9c6e5bb9 | ✅ Database initialized
2026-09-27 23:07:40 | INFO     | 9c6e5bb9 | ✅ Database health: healthy
2026-09-27 23:07:41 | INFO     | a82f9366 | 🔌 Creating async database engine for localhost:5432/chronos
2026-09-27 23:07:41 | INFO     | a82f9366 | ✅ Database engine created successfully
2026-09-27 23:07:42 | INFO     | 9c6e5bb9 | ✅ Redis connection established
2026-09-27 23:07:42 | INFO     | 9c6e5bb9 | ✅ Chronos Search Engine is ready!
2026-09-27 23:07:42 | INFO     | 9c6e5bb9 | 📍 API: http://localhost:8000/api/v1
2026-09-27 23:07:42 | INFO     | 9c6e5bb9 | 📍 Docs: http://localhost:8000/docs
2026-09-27 23:07:42 | INFO     | a82f9366 | User registered: newuser@example.com
2026-09-27 23:07:43 | INFO     | a82f9366 | User logged in: newuser@example.com
2026-09-27 23:10:02 | INFO     | 824b43bc | 🔌 Creating async database engine for localhost:5432/chronos
2026-09-27 23:10:02 | INFO     | 824b43bc | ✅ Database engine created successfully
2026-09-27 23:10:04 | INFO     | 824b43bc | User registered: newuser@example.com
2026-09-27 23:10:04 | INFO     | 824b43bc | User logged in: newuser@example.com
2026-09-27 23:10:04 | INFO     | 824b43bc | ✅ Database initialized successfully
2026-09-27 23:10:04 | INFO     | 824b43bc | Request: GET /api/v1/health/
2026-09-27 23:10:04 | INFO     | 824b43bc | Response: GET /api/v1/health/ -> 200
2026-09-27 23:10:22 | INFO     | 9c6e5bb9 | Request: GET /api/v1/health/
2026-09-27 23:10:23 | INFO     | 9c6e5bb9 | Response: GET /api/v1/health/ -> 200
2026-09-27 23:11:03 | INFO     | 9c6e5bb9 | Request: OPTIONS /api/v1/oauth/providers
2026-09-27 23:11:03 | INFO     | 9c6e5bb9 | Request: OPTIONS /api/v1/oauth/providers
2026-09-27 23:11:03 | INFO     | 9c6e5bb9 | Response: OPTIONS /api/v1/oauth/providers -> 400
2026-09-27 23:11:03 | INFO     | 9c6e5bb9 | Response: OPTIONS /api/v1/oauth/providers -> 400
2026-09-27 23:12:00 | INFO     | 9c6e5bb9 | 🛑 Chronos Search Engine shutting down...
2026-09-27 23:12:00 | INFO     | 9c6e5bb9 | ✅ Database connections closed
2026-09-27 23:12:03 | INFO     | 4ae59a3f | 🔌 Creating async database engine for localhost:5432/chronos
2026-09-27 23:12:03 | INFO     | 4ae59a3f | ✅ Database engine created successfully
2026-09-27 23:12:04 | INFO     | 4ae59a3f | 🚀 Starting Chronos Search Engine v3.0.0-masterpiece
2026-09-27 23:12:04 | INFO     | 4ae59a3f | Environment: production
2026-09-27 23:12:04 | INFO     | 4ae59a3f | Debug mode: True
2026-09-27 23:12:04 | INFO     | 4ae59a3f | ✅ Database initialized successfully
2026-09-27 23:12:04 | INFO     | 4ae59a3f | ✅ Database initialized
2026-09-27 23:12:04 | INFO     | 4ae59a3f | ✅ Database health: healthy
2026-09-27 23:12:06 | INFO     | 4ae59a3f | ✅ Redis connection established
2026-09-27 23:12:06 | INFO     | 4ae59a3f | ✅ Chronos Search Engine is ready!
2026-09-27 23:12:06 | INFO     | 4ae59a3f | 📍 API: http://localhost:8000/api/v1
2026-09-27 23:12:06 | INFO     | 4ae59a3f | 📍 Docs: http://localhost:8000/docs
2026-09-27 23:12:06 | INFO     | 4ae59a3f | 🛑 Chronos Search Engine shutting down...
2026-09-27 23:12:06 | INFO     | 4ae59a3f | ✅ Database connections closed
2026-09-27 23:12:08 | INFO     | 83d1f23f | 🔌 Creating async database engine for localhost:5432/chronos
2026-09-27 23:12:08 | INFO     | 83d1f23f | ✅ Database engine created successfully
2026-09-27 23:12:09 | INFO     | 83d1f23f | 🚀 Starting Chronos Search Engine v3.0.0-masterpiece
2026-09-27 23:12:09 | INFO     | 83d1f23f | Environment: production
2026-09-27 23:12:09 | INFO     | 83d1f23f | Debug mode: True
2026-09-27 23:12:09 | INFO     | 83d1f23f | ✅ Database initialized successfully
2026-09-27 23:12:09 | INFO     | 83d1f23f | ✅ Database initialized
2026-09-27 23:12:09 | INFO     | 83d1f23f | ✅ Database health: healthy
2026-09-27 23:12:11 | INFO     | 83d1f23f | ✅ Redis connection established
2026-09-27 23:12:11 | INFO     | 83d1f23f | ✅ Chronos Search Engine is ready!
2026-09-27 23:12:11 | INFO     | 83d1f23f | 📍 API: http://localhost:8000/api/v1
2026-09-27 23:12:11 | INFO     | 83d1f23f | 📍 Docs: http://localhost:8000/docs
2026-09-27 23:12:15 | INFO     | e88ec182 | 🔌 Creating async database engine for localhost:5432/chronos
2026-09-27 23:12:15 | INFO     | e88ec182 | ✅ Database engine created successfully
2026-09-27 23:12:16 | INFO     | e88ec182 | User registered: newuser@example.com
2026-09-27 23:12:17 | INFO     | e88ec182 | User logged in: newuser@example.com
2026-09-27 23:12:17 | INFO     | e88ec182 | User registered: httpuser@example.com
2026-09-27 23:12:17 | INFO     | e88ec182 | User logged in: httpuser@example.com
2026-09-27 23:12:53 | INFO     | 83d1f23f | Request: OPTIONS /api/v1/oauth/providers
2026-09-27 23:12:53 | INFO     | 83d1f23f | Request: OPTIONS /api/v1/oauth/providers
2026-09-27 23:12:53 | INFO     | 83d1f23f | Response: OPTIONS /api/v1/oauth/providers -> 200
2026-09-27 23:12:53 | INFO     | 83d1f23f | Response: OPTIONS /api/v1/oauth/providers -> 200
2026-09-27 23:12:54 | INFO     | 83d1f23f | Request: GET /api/v1/oauth/providers
2026-09-27 23:12:54 | INFO     | 83d1f23f | Response: GET /api/v1/oauth/providers -> 404
2026-09-27 23:12:54 | INFO     | 83d1f23f | Request: GET /api/v1/oauth/providers
2026-09-27 23:12:54 | INFO     | 83d1f23f | Response: GET /api/v1/oauth/providers -> 404
2026-09-27 23:13:39 | INFO     | 83d1f23f | 🛑 Chronos Search Engine shutting down...
2026-09-27 23:13:39 | INFO     | 83d1f23f | ✅ Database connections closed
2026-09-27 23:13:42 | INFO     | 834a5320 | 🔌 Creating async database engine for localhost:5432/chronos
2026-09-27 23:13:42 | INFO     | 834a5320 | ✅ Database engine created successfully
2026-09-27 23:13:43 | INFO     | 834a5320 | 🚀 Starting Chronos Search Engine v3.0.0-masterpiece
2026-09-27 23:13:43 | INFO     | 834a5320 | Environment: production
2026-09-27 23:13:43 | INFO     | 834a5320 | Debug mode: True
2026-09-27 23:13:43 | INFO     | 834a5320 | ✅ Database initialized successfully
2026-09-27 23:13:43 | INFO     | 834a5320 | ✅ Database initialized
2026-09-27 23:13:43 | INFO     | 834a5320 | ✅ Database health: healthy
2026-09-27 23:13:45 | INFO     | 834a5320 | ✅ Redis connection established
2026-09-27 23:13:45 | INFO     | 834a5320 | ✅ Chronos Search Engine is ready!
2026-09-27 23:13:45 | INFO     | 834a5320 | 📍 API: http://localhost:8000/api/v1
2026-09-27 23:13:45 | INFO     | 834a5320 | 📍 Docs: http://localhost:8000/docs
2026-09-27 23:13:45 | INFO     | 834a5320 | 🛑 Chronos Search Engine shutting down...
2026-09-27 23:13:45 | INFO     | 834a5320 | ✅ Database connections closed
2026-09-27 23:13:47 | INFO     | f7892faf | 🔌 Creating async database engine for localhost:5432/chronos
2026-09-27 23:13:47 | INFO     | f7892faf | ✅ Database engine created successfully
2026-09-27 23:13:48 | INFO     | f7892faf | 🚀 Starting Chronos Search Engine v3.0.0-masterpiece
2026-09-27 23:13:48 | INFO     | f7892faf | Environment: production
2026-09-27 23:13:48 | INFO     | f7892faf | Debug mode: True
2026-09-27 23:13:48 | INFO     | 5ed5f626 | 🔌 Creating async database engine for localhost:5432/chronos
2026-09-27 23:13:48 | INFO     | f7892faf | ✅ Database initialized successfully
2026-09-27 23:13:48 | INFO     | f7892faf | ✅ Database initialized
2026-09-27 23:13:48 | INFO     | f7892faf | ✅ Database health: healthy
2026-09-27 23:13:48 | INFO     | 5ed5f626 | ✅ Database engine created successfully
2026-09-27 23:13:49 | INFO     | 5ed5f626 | User registered: httpuser@example.com
2026-09-27 23:13:49 | INFO     | 5ed5f626 | User logged in: httpuser@example.com
2026-09-27 23:13:50 | INFO     | f7892faf | ✅ Redis connection established
2026-09-27 23:13:50 | INFO     | f7892faf | ✅ Chronos Search Engine is ready!
2026-09-27 23:13:50 | INFO     | f7892faf | 📍 API: http://localhost:8000/api/v1
2026-09-27 23:13:50 | INFO     | f7892faf | 📍 Docs: http://localhost:8000/docs
2026-09-27 23:14:04 | INFO     | f7892faf | Request: GET /api/v1/oauth/providers
2026-09-27 23:14:04 | ERROR    | f7892faf | Unhandled exception: GOOGLE
Traceback (most recent call last):
  File "C:\Program Files\WindowsApps\PythonSoftwareFoundation.Python.3.11_3.11.2544.0_x64__qbz5n2kfra8p0\Lib\enum.py", line 784, in __getattr__
    return cls._member_map_[name]
           ~~~~~~~~~~~~~~~~^^^^^^
KeyError: 'GOOGLE'

The above exception was the direct cause of the following exception:

Traceback (most recent call last):
  File "C:\Users\Admin\PP\Chromos-Search\venv\Lib\site-packages\starlette\middleware\errors.py", line 164, in __call__
    await self.app(scope, receive, _send)
  File "C:\Users\Admin\PP\Chromos-Search\venv\Lib\site-packages\starlette\middleware\base.py", line 193, in __call__
    response = await self.dispatch_func(request, call_next)
               ^^^^^^^^^^^^^^^^^^^^^^^^^^^^^^^^^^^^^^^^^^^^
  File "C:\Users\Admin\PP\Chromos-Search\backend\app\main.py", line 113, in log_requests
    response = await call_next(request)
               ^^^^^^^^^^^^^^^^^^^^^^^^
  File "C:\Users\Admin\PP\Chromos-Search\venv\Lib\site-packages\starlette\middleware\base.py", line 168, in call_next
    raise app_exc from app_exc.__cause__ or app_exc.__context__
  File "C:\Users\Admin\PP\Chromos-Search\venv\Lib\site-packages\starlette\middleware\base.py", line 144, in coro
    await self.app(scope, receive_or_disconnect, send_no_error)
  File "C:\Users\Admin\PP\Chromos-Search\venv\Lib\site-packages\starlette\middleware\base.py", line 193, in __call__
    response = await self.dispatch_func(request, call_next)
               ^^^^^^^^^^^^^^^^^^^^^^^^^^^^^^^^^^^^^^^^^^^^
  File "C:\Users\Admin\PP\Chromos-Search\backend\app\main.py", line 91, in add_request_id
    response = await call_next(request)
               ^^^^^^^^^^^^^^^^^^^^^^^^
  File "C:\Users\Admin\PP\Chromos-Search\venv\Lib\site-packages\starlette\middleware\base.py", line 168, in call_next
    raise app_exc from app_exc.__cause__ or app_exc.__context__
  File "C:\Users\Admin\PP\Chromos-Search\venv\Lib\site-packages\starlette\middleware\base.py", line 144, in coro
    await self.app(scope, receive_or_disconnect, send_no_error)
  File "C:\Users\Admin\PP\Chromos-Search\venv\Lib\site-packages\starlette\middleware\trustedhost.py", line 36, in __call__
    await self.app(scope, receive, send)
  File "C:\Users\Admin\PP\Chromos-Search\venv\Lib\site-packages\starlette\middleware\cors.py", line 88, in __call__
    await self.app(scope, receive, send)
  File "C:\Users\Admin\PP\Chromos-Search\venv\Lib\site-packages\starlette\middleware\exceptions.py", line 63, in __call__
    await wrap_app_handling_exceptions(self.app, conn)(scope, receive, send)
  File "C:\Users\Admin\PP\Chromos-Search\venv\Lib\site-packages\starlette\_exception_handler.py", line 53, in wrapped_app
    raise exc
  File "C:\Users\Admin\PP\Chromos-Search\venv\Lib\site-packages\starlette\_exception_handler.py", line 42, in wrapped_app
    await app(scope, receive, sender)
  File "C:\Users\Admin\PP\Chromos-Search\venv\Lib\site-packages\fastapi\middleware\asyncexitstack.py", line 18, in __call__
    await self.app(scope, receive, send)
  File "C:\Users\Admin\PP\Chromos-Search\venv\Lib\site-packages\starlette\routing.py", line 670, in __call__
    await self.middleware_stack(scope, receive, send)
  File "C:\Users\Admin\PP\Chromos-Search\venv\Lib\site-packages\fastapi\routing.py", line 2734, in app
    await route.handle(scope, receive, send)
  File "C:\Users\Admin\PP\Chromos-Search\venv\Lib\site-packages\fastapi\routing.py", line 1780, in handle
    await self.original_router.handle(scope, receive, send)
  File "C:\Users\Admin\PP\Chromos-Search\venv\Lib\site-packages\fastapi\routing.py", line 2789, in handle
    await included_router._handle_selected(scope, receive, send)
  File "C:\Users\Admin\PP\Chromos-Search\venv\Lib\site-packages\fastapi\routing.py", line 1791, in _handle_selected
    await route.handle(scope, receive, send)
  File "C:\Users\Admin\PP\Chromos-Search\venv\Lib\site-packages\fastapi\routing.py", line 1780, in handle
    await self.original_router.handle(scope, receive, send)
  File "C:\Users\Admin\PP\Chromos-Search\venv\Lib\site-packages\fastapi\routing.py", line 2789, in handle
    await included_router._handle_selected(scope, receive, send)
  File "C:\Users\Admin\PP\Chromos-Search\venv\Lib\site-packages\fastapi\routing.py", line 1800, in _handle_selected
    await original_route.handle(scope, receive, send)
  File "C:\Users\Admin\PP\Chromos-Search\venv\Lib\site-packages\fastapi\routing.py", line 1279, in handle
    await app(scope, receive, send)
  File "C:\Users\Admin\PP\Chromos-Search\venv\Lib\site-packages\fastapi\routing.py", line 158, in app
    await wrap_app_handling_exceptions(app, request)(scope, receive, send)
  File "C:\Users\Admin\PP\Chromos-Search\venv\Lib\site-packages\starlette\_exception_handler.py", line 53, in wrapped_app
    raise exc
  File "C:\Users\Admin\PP\Chromos-Search\venv\Lib\site-packages\starlette\_exception_handler.py", line 42, in wrapped_app
    await app(scope, receive, sender)
  File "C:\Users\Admin\PP\Chromos-Search\venv\Lib\site-packages\fastapi\routing.py", line 144, in app
    response = await f(request)
               ^^^^^^^^^^^^^^^^
  File "C:\Users\Admin\PP\Chromos-Search\venv\Lib\site-packages\fastapi\routing.py", line 706, in app
    raw_response = await run_endpoint_function(
                   ^^^^^^^^^^^^^^^^^^^^^^^^^^^^
  File "C:\Users\Admin\PP\Chromos-Search\venv\Lib\site-packages\fastapi\routing.py", line 352, in run_endpoint_function
    return await dependant.call(**values)
           ^^^^^^^^^^^^^^^^^^^^^^^^^^^^^^
  File "C:\Users\Admin\PP\Chromos-Search\backend\app\api\v1\endpoints\oauth.py", line 52, in get_providers
    for provider_id,provider_config in oauth_settings.providers.items():
                                       ^^^^^^^^^^^^^^^^^^^^^^^^
  File "C:\Users\Admin\PP\Chromos-Search\venv\Lib\site-packages\pydantic\main.py", line 1039, in __getattr__
    return super().__getattribute__(item)  # Raises AttributeError if appropriate
           ^^^^^^^^^^^^^^^^^^^^^^^^^^^^^^
  File "C:\Users\Admin\PP\Chromos-Search\backend\app\core\oauth_config.py", line 46, in providers
    OAuthProvider.GOOGLE: OAuthProviderConfig(
    ^^^^^^^^^^^^^^^^^^^^
  File "C:\Program Files\WindowsApps\PythonSoftwareFoundation.Python.3.11_3.11.2544.0_x64__qbz5n2kfra8p0\Lib\enum.py", line 786, in __getattr__
    raise AttributeError(name) from None
AttributeError: GOOGLE
2026-09-27 23:14:06 | INFO     | f7892faf | Request: GET /api/v1/oauth/providers
2026-09-27 23:14:06 | ERROR    | f7892faf | Unhandled exception: GOOGLE
Traceback (most recent call last):
  File "C:\Program Files\WindowsApps\PythonSoftwareFoundation.Python.3.11_3.11.2544.0_x64__qbz5n2kfra8p0\Lib\enum.py", line 784, in __getattr__
    return cls._member_map_[name]
           ~~~~~~~~~~~~~~~~^^^^^^
KeyError: 'GOOGLE'

The above exception was the direct cause of the following exception:

Traceback (most recent call last):
  File "C:\Users\Admin\PP\Chromos-Search\venv\Lib\site-packages\starlette\middleware\errors.py", line 164, in __call__
    await self.app(scope, receive, _send)
  File "C:\Users\Admin\PP\Chromos-Search\venv\Lib\site-packages\starlette\middleware\base.py", line 193, in __call__
    response = await self.dispatch_func(request, call_next)
               ^^^^^^^^^^^^^^^^^^^^^^^^^^^^^^^^^^^^^^^^^^^^
  File "C:\Users\Admin\PP\Chromos-Search\backend\app\main.py", line 113, in log_requests
    response = await call_next(request)
               ^^^^^^^^^^^^^^^^^^^^^^^^
  File "C:\Users\Admin\PP\Chromos-Search\venv\Lib\site-packages\starlette\middleware\base.py", line 168, in call_next
    raise app_exc from app_exc.__cause__ or app_exc.__context__
  File "C:\Users\Admin\PP\Chromos-Search\venv\Lib\site-packages\starlette\middleware\base.py", line 144, in coro
    await self.app(scope, receive_or_disconnect, send_no_error)
  File "C:\Users\Admin\PP\Chromos-Search\venv\Lib\site-packages\starlette\middleware\base.py", line 193, in __call__
    response = await self.dispatch_func(request, call_next)
               ^^^^^^^^^^^^^^^^^^^^^^^^^^^^^^^^^^^^^^^^^^^^
  File "C:\Users\Admin\PP\Chromos-Search\backend\app\main.py", line 91, in add_request_id
    response = await call_next(request)
               ^^^^^^^^^^^^^^^^^^^^^^^^
  File "C:\Users\Admin\PP\Chromos-Search\venv\Lib\site-packages\starlette\middleware\base.py", line 168, in call_next
    raise app_exc from app_exc.__cause__ or app_exc.__context__
  File "C:\Users\Admin\PP\Chromos-Search\venv\Lib\site-packages\starlette\middleware\base.py", line 144, in coro
    await self.app(scope, receive_or_disconnect, send_no_error)
  File "C:\Users\Admin\PP\Chromos-Search\venv\Lib\site-packages\starlette\middleware\trustedhost.py", line 36, in __call__
    await self.app(scope, receive, send)
  File "C:\Users\Admin\PP\Chromos-Search\venv\Lib\site-packages\starlette\middleware\cors.py", line 96, in __call__
    await self.simple_response(scope, receive, send, request_headers=headers)
  File "C:\Users\Admin\PP\Chromos-Search\venv\Lib\site-packages\starlette\middleware\cors.py", line 154, in simple_response
    await self.app(scope, receive, send)
  File "C:\Users\Admin\PP\Chromos-Search\venv\Lib\site-packages\starlette\middleware\exceptions.py", line 63, in __call__
    await wrap_app_handling_exceptions(self.app, conn)(scope, receive, send)
  File "C:\Users\Admin\PP\Chromos-Search\venv\Lib\site-packages\starlette\_exception_handler.py", line 53, in wrapped_app
    raise exc
  File "C:\Users\Admin\PP\Chromos-Search\venv\Lib\site-packages\starlette\_exception_handler.py", line 42, in wrapped_app
    await app(scope, receive, sender)
  File "C:\Users\Admin\PP\Chromos-Search\venv\Lib\site-packages\fastapi\middleware\asyncexitstack.py", line 18, in __call__
    await self.app(scope, receive, send)
  File "C:\Users\Admin\PP\Chromos-Search\venv\Lib\site-packages\starlette\routing.py", line 670, in __call__
    await self.middleware_stack(scope, receive, send)
  File "C:\Users\Admin\PP\Chromos-Search\venv\Lib\site-packages\fastapi\routing.py", line 2734, in app
    await route.handle(scope, receive, send)
  File "C:\Users\Admin\PP\Chromos-Search\venv\Lib\site-packages\fastapi\routing.py", line 1780, in handle
    await self.original_router.handle(scope, receive, send)
  File "C:\Users\Admin\PP\Chromos-Search\venv\Lib\site-packages\fastapi\routing.py", line 2789, in handle
    await included_router._handle_selected(scope, receive, send)
  File "C:\Users\Admin\PP\Chromos-Search\venv\Lib\site-packages\fastapi\routing.py", line 1791, in _handle_selected
    await route.handle(scope, receive, send)
  File "C:\Users\Admin\PP\Chromos-Search\venv\Lib\site-packages\fastapi\routing.py", line 1780, in handle
    await self.original_router.handle(scope, receive, send)
  File "C:\Users\Admin\PP\Chromos-Search\venv\Lib\site-packages\fastapi\routing.py", line 2789, in handle
    await included_router._handle_selected(scope, receive, send)
  File "C:\Users\Admin\PP\Chromos-Search\venv\Lib\site-packages\fastapi\routing.py", line 1800, in _handle_selected
    await original_route.handle(scope, receive, send)
  File "C:\Users\Admin\PP\Chromos-Search\venv\Lib\site-packages\fastapi\routing.py", line 1279, in handle
    await app(scope, receive, send)
  File "C:\Users\Admin\PP\Chromos-Search\venv\Lib\site-packages\fastapi\routing.py", line 158, in app
    await wrap_app_handling_exceptions(app, request)(scope, receive, send)
  File "C:\Users\Admin\PP\Chromos-Search\venv\Lib\site-packages\starlette\_exception_handler.py", line 53, in wrapped_app
    raise exc
  File "C:\Users\Admin\PP\Chromos-Search\venv\Lib\site-packages\starlette\_exception_handler.py", line 42, in wrapped_app
    await app(scope, receive, sender)
  File "C:\Users\Admin\PP\Chromos-Search\venv\Lib\site-packages\fastapi\routing.py", line 144, in app
    response = await f(request)
               ^^^^^^^^^^^^^^^^
  File "C:\Users\Admin\PP\Chromos-Search\venv\Lib\site-packages\fastapi\routing.py", line 706, in app
    raw_response = await run_endpoint_function(
                   ^^^^^^^^^^^^^^^^^^^^^^^^^^^^
  File "C:\Users\Admin\PP\Chromos-Search\venv\Lib\site-packages\fastapi\routing.py", line 352, in run_endpoint_function
    return await dependant.call(**values)
           ^^^^^^^^^^^^^^^^^^^^^^^^^^^^^^
  File "C:\Users\Admin\PP\Chromos-Search\backend\app\api\v1\endpoints\oauth.py", line 52, in get_providers
    for provider_id,provider_config in oauth_settings.providers.items():
                                       ^^^^^^^^^^^^^^^^^^^^^^^^
  File "C:\Users\Admin\PP\Chromos-Search\venv\Lib\site-packages\pydantic\main.py", line 1039, in __getattr__
    return super().__getattribute__(item)  # Raises AttributeError if appropriate
           ^^^^^^^^^^^^^^^^^^^^^^^^^^^^^^
  File "C:\Users\Admin\PP\Chromos-Search\backend\app\core\oauth_config.py", line 46, in providers
    OAuthProvider.GOOGLE: OAuthProviderConfig(
    ^^^^^^^^^^^^^^^^^^^^
  File "C:\Program Files\WindowsApps\PythonSoftwareFoundation.Python.3.11_3.11.2544.0_x64__qbz5n2kfra8p0\Lib\enum.py", line 786, in __getattr__
    raise AttributeError(name) from None
AttributeError: GOOGLE
2026-09-27 23:14:06 | INFO     | f7892faf | Request: GET /api/v1/oauth/providers
2026-09-27 23:14:06 | ERROR    | f7892faf | Unhandled exception: GOOGLE
Traceback (most recent call last):
  File "C:\Program Files\WindowsApps\PythonSoftwareFoundation.Python.3.11_3.11.2544.0_x64__qbz5n2kfra8p0\Lib\enum.py", line 784, in __getattr__
    return cls._member_map_[name]
           ~~~~~~~~~~~~~~~~^^^^^^
KeyError: 'GOOGLE'

The above exception was the direct cause of the following exception:

Traceback (most recent call last):
  File "C:\Users\Admin\PP\Chromos-Search\venv\Lib\site-packages\starlette\middleware\errors.py", line 164, in __call__
    await self.app(scope, receive, _send)
  File "C:\Users\Admin\PP\Chromos-Search\venv\Lib\site-packages\starlette\middleware\base.py", line 193, in __call__
    response = await self.dispatch_func(request, call_next)
               ^^^^^^^^^^^^^^^^^^^^^^^^^^^^^^^^^^^^^^^^^^^^
  File "C:\Users\Admin\PP\Chromos-Search\backend\app\main.py", line 113, in log_requests
    response = await call_next(request)
               ^^^^^^^^^^^^^^^^^^^^^^^^
  File "C:\Users\Admin\PP\Chromos-Search\venv\Lib\site-packages\starlette\middleware\base.py", line 168, in call_next
    raise app_exc from app_exc.__cause__ or app_exc.__context__
  File "C:\Users\Admin\PP\Chromos-Search\venv\Lib\site-packages\starlette\middleware\base.py", line 144, in coro
    await self.app(scope, receive_or_disconnect, send_no_error)
  File "C:\Users\Admin\PP\Chromos-Search\venv\Lib\site-packages\starlette\middleware\base.py", line 193, in __call__
    response = await self.dispatch_func(request, call_next)
               ^^^^^^^^^^^^^^^^^^^^^^^^^^^^^^^^^^^^^^^^^^^^
  File "C:\Users\Admin\PP\Chromos-Search\backend\app\main.py", line 91, in add_request_id
    response = await call_next(request)
               ^^^^^^^^^^^^^^^^^^^^^^^^
  File "C:\Users\Admin\PP\Chromos-Search\venv\Lib\site-packages\starlette\middleware\base.py", line 168, in call_next
    raise app_exc from app_exc.__cause__ or app_exc.__context__
  File "C:\Users\Admin\PP\Chromos-Search\venv\Lib\site-packages\starlette\middleware\base.py", line 144, in coro
    await self.app(scope, receive_or_disconnect, send_no_error)
  File "C:\Users\Admin\PP\Chromos-Search\venv\Lib\site-packages\starlette\middleware\trustedhost.py", line 36, in __call__
    await self.app(scope, receive, send)
  File "C:\Users\Admin\PP\Chromos-Search\venv\Lib\site-packages\starlette\middleware\cors.py", line 96, in __call__
    await self.simple_response(scope, receive, send, request_headers=headers)
  File "C:\Users\Admin\PP\Chromos-Search\venv\Lib\site-packages\starlette\middleware\cors.py", line 154, in simple_response
    await self.app(scope, receive, send)
  File "C:\Users\Admin\PP\Chromos-Search\venv\Lib\site-packages\starlette\middleware\exceptions.py", line 63, in __call__
    await wrap_app_handling_exceptions(self.app, conn)(scope, receive, send)
  File "C:\Users\Admin\PP\Chromos-Search\venv\Lib\site-packages\starlette\_exception_handler.py", line 53, in wrapped_app
    raise exc
  File "C:\Users\Admin\PP\Chromos-Search\venv\Lib\site-packages\starlette\_exception_handler.py", line 42, in wrapped_app
    await app(scope, receive, sender)
  File "C:\Users\Admin\PP\Chromos-Search\venv\Lib\site-packages\fastapi\middleware\asyncexitstack.py", line 18, in __call__
    await self.app(scope, receive, send)
  File "C:\Users\Admin\PP\Chromos-Search\venv\Lib\site-packages\starlette\routing.py", line 670, in __call__
    await self.middleware_stack(scope, receive, send)
  File "C:\Users\Admin\PP\Chromos-Search\venv\Lib\site-packages\fastapi\routing.py", line 2734, in app
    await route.handle(scope, receive, send)
  File "C:\Users\Admin\PP\Chromos-Search\venv\Lib\site-packages\fastapi\routing.py", line 1780, in handle
    await self.original_router.handle(scope, receive, send)
  File "C:\Users\Admin\PP\Chromos-Search\venv\Lib\site-packages\fastapi\routing.py", line 2789, in handle
    await included_router._handle_selected(scope, receive, send)
  File "C:\Users\Admin\PP\Chromos-Search\venv\Lib\site-packages\fastapi\routing.py", line 1791, in _handle_selected
    await route.handle(scope, receive, send)
  File "C:\Users\Admin\PP\Chromos-Search\venv\Lib\site-packages\fastapi\routing.py", line 1780, in handle
    await self.original_router.handle(scope, receive, send)
  File "C:\Users\Admin\PP\Chromos-Search\venv\Lib\site-packages\fastapi\routing.py", line 2789, in handle
    await included_router._handle_selected(scope, receive, send)
  File "C:\Users\Admin\PP\Chromos-Search\venv\Lib\site-packages\fastapi\routing.py", line 1800, in _handle_selected
    await original_route.handle(scope, receive, send)
  File "C:\Users\Admin\PP\Chromos-Search\venv\Lib\site-packages\fastapi\routing.py", line 1279, in handle
    await app(scope, receive, send)
  File "C:\Users\Admin\PP\Chromos-Search\venv\Lib\site-packages\fastapi\routing.py", line 158, in app
    await wrap_app_handling_exceptions(app, request)(scope, receive, send)
  File "C:\Users\Admin\PP\Chromos-Search\venv\Lib\site-packages\starlette\_exception_handler.py", line 53, in wrapped_app
    raise exc
  File "C:\Users\Admin\PP\Chromos-Search\venv\Lib\site-packages\starlette\_exception_handler.py", line 42, in wrapped_app
    await app(scope, receive, sender)
  File "C:\Users\Admin\PP\Chromos-Search\venv\Lib\site-packages\fastapi\routing.py", line 144, in app
    response = await f(request)
               ^^^^^^^^^^^^^^^^
  File "C:\Users\Admin\PP\Chromos-Search\venv\Lib\site-packages\fastapi\routing.py", line 706, in app
    raw_response = await run_endpoint_function(
                   ^^^^^^^^^^^^^^^^^^^^^^^^^^^^
  File "C:\Users\Admin\PP\Chromos-Search\venv\Lib\site-packages\fastapi\routing.py", line 352, in run_endpoint_function
    return await dependant.call(**values)
           ^^^^^^^^^^^^^^^^^^^^^^^^^^^^^^
  File "C:\Users\Admin\PP\Chromos-Search\backend\app\api\v1\endpoints\oauth.py", line 52, in get_providers
    for provider_id,provider_config in oauth_settings.providers.items():
                                       ^^^^^^^^^^^^^^^^^^^^^^^^
  File "C:\Users\Admin\PP\Chromos-Search\venv\Lib\site-packages\pydantic\main.py", line 1039, in __getattr__
    return super().__getattribute__(item)  # Raises AttributeError if appropriate
           ^^^^^^^^^^^^^^^^^^^^^^^^^^^^^^
  File "C:\Users\Admin\PP\Chromos-Search\backend\app\core\oauth_config.py", line 46, in providers
    OAuthProvider.GOOGLE: OAuthProviderConfig(
    ^^^^^^^^^^^^^^^^^^^^
  File "C:\Program Files\WindowsApps\PythonSoftwareFoundation.Python.3.11_3.11.2544.0_x64__qbz5n2kfra8p0\Lib\enum.py", line 786, in __getattr__
    raise AttributeError(name) from None
AttributeError: GOOGLE
2026-09-27 23:14:13 | INFO     | f7892faf | Request: GET /api/v1/oauth/providers
2026-09-27 23:14:13 | ERROR    | f7892faf | Unhandled exception: GOOGLE
Traceback (most recent call last):
  File "C:\Program Files\WindowsApps\PythonSoftwareFoundation.Python.3.11_3.11.2544.0_x64__qbz5n2kfra8p0\Lib\enum.py", line 784, in __getattr__
    return cls._member_map_[name]
           ~~~~~~~~~~~~~~~~^^^^^^
KeyError: 'GOOGLE'

The above exception was the direct cause of the following exception:

Traceback (most recent call last):
  File "C:\Users\Admin\PP\Chromos-Search\venv\Lib\site-packages\starlette\middleware\errors.py", line 164, in __call__
    await self.app(scope, receive, _send)
  File "C:\Users\Admin\PP\Chromos-Search\venv\Lib\site-packages\starlette\middleware\base.py", line 193, in __call__
    response = await self.dispatch_func(request, call_next)
               ^^^^^^^^^^^^^^^^^^^^^^^^^^^^^^^^^^^^^^^^^^^^
  File "C:\Users\Admin\PP\Chromos-Search\backend\app\main.py", line 113, in log_requests
    response = await call_next(request)
               ^^^^^^^^^^^^^^^^^^^^^^^^
  File "C:\Users\Admin\PP\Chromos-Search\venv\Lib\site-packages\starlette\middleware\base.py", line 168, in call_next
    raise app_exc from app_exc.__cause__ or app_exc.__context__
  File "C:\Users\Admin\PP\Chromos-Search\venv\Lib\site-packages\starlette\middleware\base.py", line 144, in coro
    await self.app(scope, receive_or_disconnect, send_no_error)
  File "C:\Users\Admin\PP\Chromos-Search\venv\Lib\site-packages\starlette\middleware\base.py", line 193, in __call__
    response = await self.dispatch_func(request, call_next)
               ^^^^^^^^^^^^^^^^^^^^^^^^^^^^^^^^^^^^^^^^^^^^
  File "C:\Users\Admin\PP\Chromos-Search\backend\app\main.py", line 91, in add_request_id
    response = await call_next(request)
               ^^^^^^^^^^^^^^^^^^^^^^^^
  File "C:\Users\Admin\PP\Chromos-Search\venv\Lib\site-packages\starlette\middleware\base.py", line 168, in call_next
    raise app_exc from app_exc.__cause__ or app_exc.__context__
  File "C:\Users\Admin\PP\Chromos-Search\venv\Lib\site-packages\starlette\middleware\base.py", line 144, in coro
    await self.app(scope, receive_or_disconnect, send_no_error)
  File "C:\Users\Admin\PP\Chromos-Search\venv\Lib\site-packages\starlette\middleware\trustedhost.py", line 36, in __call__
    await self.app(scope, receive, send)
  File "C:\Users\Admin\PP\Chromos-Search\venv\Lib\site-packages\starlette\middleware\cors.py", line 88, in __call__
    await self.app(scope, receive, send)
  File "C:\Users\Admin\PP\Chromos-Search\venv\Lib\site-packages\starlette\middleware\exceptions.py", line 63, in __call__
    await wrap_app_handling_exceptions(self.app, conn)(scope, receive, send)
  File "C:\Users\Admin\PP\Chromos-Search\venv\Lib\site-packages\starlette\_exception_handler.py", line 53, in wrapped_app
    raise exc
  File "C:\Users\Admin\PP\Chromos-Search\venv\Lib\site-packages\starlette\_exception_handler.py", line 42, in wrapped_app
    await app(scope, receive, sender)
  File "C:\Users\Admin\PP\Chromos-Search\venv\Lib\site-packages\fastapi\middleware\asyncexitstack.py", line 18, in __call__
    await self.app(scope, receive, send)
  File "C:\Users\Admin\PP\Chromos-Search\venv\Lib\site-packages\starlette\routing.py", line 670, in __call__
    await self.middleware_stack(scope, receive, send)
  File "C:\Users\Admin\PP\Chromos-Search\venv\Lib\site-packages\fastapi\routing.py", line 2734, in app
    await route.handle(scope, receive, send)
  File "C:\Users\Admin\PP\Chromos-Search\venv\Lib\site-packages\fastapi\routing.py", line 1780, in handle
    await self.original_router.handle(scope, receive, send)
  File "C:\Users\Admin\PP\Chromos-Search\venv\Lib\site-packages\fastapi\routing.py", line 2789, in handle
    await included_router._handle_selected(scope, receive, send)
  File "C:\Users\Admin\PP\Chromos-Search\venv\Lib\site-packages\fastapi\routing.py", line 1791, in _handle_selected
    await route.handle(scope, receive, send)
  File "C:\Users\Admin\PP\Chromos-Search\venv\Lib\site-packages\fastapi\routing.py", line 1780, in handle
    await self.original_router.handle(scope, receive, send)
  File "C:\Users\Admin\PP\Chromos-Search\venv\Lib\site-packages\fastapi\routing.py", line 2789, in handle
    await included_router._handle_selected(scope, receive, send)
  File "C:\Users\Admin\PP\Chromos-Search\venv\Lib\site-packages\fastapi\routing.py", line 1800, in _handle_selected
    await original_route.handle(scope, receive, send)
  File "C:\Users\Admin\PP\Chromos-Search\venv\Lib\site-packages\fastapi\routing.py", line 1279, in handle
    await app(scope, receive, send)
  File "C:\Users\Admin\PP\Chromos-Search\venv\Lib\site-packages\fastapi\routing.py", line 158, in app
    await wrap_app_handling_exceptions(app, request)(scope, receive, send)
  File "C:\Users\Admin\PP\Chromos-Search\venv\Lib\site-packages\starlette\_exception_handler.py", line 53, in wrapped_app
    raise exc
  File "C:\Users\Admin\PP\Chromos-Search\venv\Lib\site-packages\starlette\_exception_handler.py", line 42, in wrapped_app
    await app(scope, receive, sender)
  File "C:\Users\Admin\PP\Chromos-Search\venv\Lib\site-packages\fastapi\routing.py", line 144, in app
    response = await f(request)
               ^^^^^^^^^^^^^^^^
  File "C:\Users\Admin\PP\Chromos-Search\venv\Lib\site-packages\fastapi\routing.py", line 706, in app
    raw_response = await run_endpoint_function(
                   ^^^^^^^^^^^^^^^^^^^^^^^^^^^^
  File "C:\Users\Admin\PP\Chromos-Search\venv\Lib\site-packages\fastapi\routing.py", line 352, in run_endpoint_function
    return await dependant.call(**values)
           ^^^^^^^^^^^^^^^^^^^^^^^^^^^^^^
  File "C:\Users\Admin\PP\Chromos-Search\backend\app\api\v1\endpoints\oauth.py", line 52, in get_providers
    for provider_id,provider_config in oauth_settings.providers.items():
                                       ^^^^^^^^^^^^^^^^^^^^^^^^
  File "C:\Users\Admin\PP\Chromos-Search\venv\Lib\site-packages\pydantic\main.py", line 1039, in __getattr__
    return super().__getattribute__(item)  # Raises AttributeError if appropriate
           ^^^^^^^^^^^^^^^^^^^^^^^^^^^^^^
  File "C:\Users\Admin\PP\Chromos-Search\backend\app\core\oauth_config.py", line 46, in providers
    OAuthProvider.GOOGLE: OAuthProviderConfig(
    ^^^^^^^^^^^^^^^^^^^^
  File "C:\Program Files\WindowsApps\PythonSoftwareFoundation.Python.3.11_3.11.2544.0_x64__qbz5n2kfra8p0\Lib\enum.py", line 786, in __getattr__
    raise AttributeError(name) from None
AttributeError: GOOGLE
2026-09-27 23:14:40 | INFO     | f7892faf | 🛑 Chronos Search Engine shutting down...
2026-09-27 23:14:40 | INFO     | f7892faf | ✅ Database connections closed
2026-09-27 23:14:43 | INFO     | dd888e63 | 🔌 Creating async database engine for localhost:5432/chronos
2026-09-27 23:14:43 | INFO     | dd888e63 | ✅ Database engine created successfully
2026-09-27 23:14:44 | INFO     | dd888e63 | 🚀 Starting Chronos Search Engine v3.0.0-masterpiece
2026-09-27 23:14:44 | INFO     | dd888e63 | Environment: production
2026-09-27 23:14:44 | INFO     | dd888e63 | Debug mode: True
2026-09-27 23:14:44 | INFO     | dd888e63 | ✅ Database initialized successfully
2026-09-27 23:14:44 | INFO     | dd888e63 | ✅ Database initialized
2026-09-27 23:14:44 | INFO     | dd888e63 | ✅ Database health: healthy
2026-09-27 23:14:46 | INFO     | dd888e63 | ✅ Redis connection established
2026-09-27 23:14:46 | INFO     | dd888e63 | ✅ Chronos Search Engine is ready!
2026-09-27 23:14:46 | INFO     | dd888e63 | 📍 API: http://localhost:8000/api/v1
2026-09-27 23:14:46 | INFO     | dd888e63 | 📍 Docs: http://localhost:8000/docs
2026-09-27 23:14:46 | INFO     | dd888e63 | 🛑 Chronos Search Engine shutting down...
2026-09-27 23:14:46 | INFO     | dd888e63 | ✅ Database connections closed
2026-09-27 23:14:48 | INFO     | 73487289 | 🔌 Creating async database engine for localhost:5432/chronos
2026-09-27 23:14:48 | INFO     | 73487289 | ✅ Database engine created successfully
2026-09-27 23:14:49 | INFO     | 73487289 | 🚀 Starting Chronos Search Engine v3.0.0-masterpiece
2026-09-27 23:14:49 | INFO     | 73487289 | Environment: production
2026-09-27 23:14:49 | INFO     | 73487289 | Debug mode: True
2026-09-27 23:14:49 | INFO     | 73487289 | ✅ Database initialized successfully
2026-09-27 23:14:49 | INFO     | 73487289 | ✅ Database initialized
2026-09-27 23:14:49 | INFO     | 73487289 | ✅ Database health: healthy
2026-09-27 23:14:51 | INFO     | 73487289 | ✅ Redis connection established
2026-09-27 23:14:51 | INFO     | 73487289 | ✅ Chronos Search Engine is ready!
2026-09-27 23:14:51 | INFO     | 73487289 | 📍 API: http://localhost:8000/api/v1
2026-09-27 23:14:51 | INFO     | 73487289 | 📍 Docs: http://localhost:8000/docs
2026-09-27 23:14:53 | INFO     | c80ea45b | 🔌 Creating async database engine for localhost:5432/chronos
2026-09-27 23:14:54 | INFO     | c80ea45b | ✅ Database engine created successfully
2026-09-27 23:15:02 | INFO     | 73487289 | 🛑 Chronos Search Engine shutting down...
2026-09-27 23:15:02 | INFO     | 73487289 | ✅ Database connections closed
2026-09-27 23:15:04 | INFO     | 6479b798 | 🔌 Creating async database engine for localhost:5432/chronos
2026-09-27 23:15:04 | INFO     | 6479b798 | ✅ Database engine created successfully
2026-09-27 23:15:05 | INFO     | 6479b798 | 🚀 Starting Chronos Search Engine v3.0.0-masterpiece
2026-09-27 23:15:05 | INFO     | 6479b798 | Environment: production
2026-09-27 23:15:05 | INFO     | 6479b798 | Debug mode: True
2026-09-27 23:15:05 | INFO     | 6479b798 | ✅ Database initialized successfully
2026-09-27 23:15:05 | INFO     | 6479b798 | ✅ Database initialized
2026-09-27 23:15:05 | INFO     | 6479b798 | ✅ Database health: healthy
2026-09-27 23:15:07 | INFO     | 6479b798 | ✅ Redis connection established
2026-09-27 23:15:07 | INFO     | 6479b798 | ✅ Chronos Search Engine is ready!
2026-09-27 23:15:07 | INFO     | 6479b798 | 📍 API: http://localhost:8000/api/v1
2026-09-27 23:15:07 | INFO     | 6479b798 | 📍 Docs: http://localhost:8000/docs
2026-09-27 23:15:08 | INFO     | 6479b798 | 🛑 Chronos Search Engine shutting down...
2026-09-27 23:15:08 | INFO     | 6479b798 | ✅ Database connections closed
2026-09-27 23:15:10 | INFO     | bfc8c24c | 🔌 Creating async database engine for localhost:5432/chronos
2026-09-27 23:15:10 | INFO     | bfc8c24c | ✅ Database engine created successfully
2026-09-27 23:15:11 | INFO     | 3b685dc1 | 🔌 Creating async database engine for localhost:5432/chronos
2026-09-27 23:15:11 | INFO     | bfc8c24c | 🚀 Starting Chronos Search Engine v3.0.0-masterpiece
2026-09-27 23:15:11 | INFO     | bfc8c24c | Environment: production
2026-09-27 23:15:11 | INFO     | bfc8c24c | Debug mode: True
2026-09-27 23:15:11 | INFO     | 3b685dc1 | ✅ Database engine created successfully
2026-09-27 23:15:11 | INFO     | bfc8c24c | ✅ Database initialized successfully
2026-09-27 23:15:11 | INFO     | bfc8c24c | ✅ Database initialized
2026-09-27 23:15:11 | INFO     | bfc8c24c | ✅ Database health: healthy
2026-09-27 23:15:13 | INFO     | bfc8c24c | ✅ Redis connection established
2026-09-27 23:15:13 | INFO     | bfc8c24c | ✅ Chronos Search Engine is ready!
2026-09-27 23:15:13 | INFO     | bfc8c24c | 📍 API: http://localhost:8000/api/v1
2026-09-27 23:15:13 | INFO     | bfc8c24c | 📍 Docs: http://localhost:8000/docs
2026-09-27 23:15:22 | INFO     | bfc8c24c | 🛑 Chronos Search Engine shutting down...
2026-09-27 23:15:22 | INFO     | bfc8c24c | ✅ Database connections closed
2026-09-27 23:15:24 | INFO     | e08324b0 | 🔌 Creating async database engine for localhost:5432/chronos
2026-09-27 23:15:24 | INFO     | e08324b0 | ✅ Database engine created successfully
2026-09-27 23:15:25 | INFO     | e08324b0 | 🚀 Starting Chronos Search Engine v3.0.0-masterpiece
2026-09-27 23:15:25 | INFO     | e08324b0 | Environment: production
2026-09-27 23:15:25 | INFO     | e08324b0 | Debug mode: True
2026-09-27 23:15:25 | INFO     | e08324b0 | ✅ Database initialized successfully
2026-09-27 23:15:25 | INFO     | e08324b0 | ✅ Database initialized
2026-09-27 23:15:25 | INFO     | e08324b0 | ✅ Database health: healthy
2026-09-27 23:15:27 | INFO     | e08324b0 | ✅ Redis connection established
2026-09-27 23:15:27 | INFO     | e08324b0 | ✅ Chronos Search Engine is ready!
2026-09-27 23:15:27 | INFO     | e08324b0 | 📍 API: http://localhost:8000/api/v1
2026-09-27 23:15:27 | INFO     | e08324b0 | 📍 Docs: http://localhost:8000/docs
2026-09-27 23:15:27 | INFO     | e08324b0 | 🛑 Chronos Search Engine shutting down...
2026-09-27 23:15:27 | INFO     | e08324b0 | ✅ Database connections closed
2026-09-27 23:15:30 | INFO     | 9422b440 | 🔌 Creating async database engine for localhost:5432/chronos
2026-09-27 23:15:30 | INFO     | 9422b440 | ✅ Database engine created successfully
2026-09-27 23:15:31 | INFO     | 9422b440 | 🚀 Starting Chronos Search Engine v3.0.0-masterpiece
2026-09-27 23:15:31 | INFO     | 9422b440 | Environment: production
2026-09-27 23:15:31 | INFO     | 9422b440 | Debug mode: True
2026-09-27 23:15:31 | INFO     | 9422b440 | ✅ Database initialized successfully
2026-09-27 23:15:31 | INFO     | 9422b440 | ✅ Database initialized
2026-09-27 23:15:31 | INFO     | 9422b440 | ✅ Database health: healthy
2026-09-27 23:15:31 | INFO     | ab15c03c | 🔌 Creating async database engine for localhost:5432/chronos
2026-09-27 23:15:31 | INFO     | ab15c03c | ✅ Database engine created successfully
2026-09-27 23:15:33 | INFO     | 9422b440 | ✅ Redis connection established
2026-09-27 23:15:33 | INFO     | 9422b440 | ✅ Chronos Search Engine is ready!
2026-09-27 23:15:33 | INFO     | 9422b440 | 📍 API: http://localhost:8000/api/v1
2026-09-27 23:15:33 | INFO     | 9422b440 | 📍 Docs: http://localhost:8000/docs
2026-09-27 23:15:33 | INFO     | ab15c03c | User registered: newuser@example.com
2026-09-27 23:15:33 | INFO     | ab15c03c | User logged in: newuser@example.com
2026-09-27 23:15:33 | INFO     | ab15c03c | User registered: httpuser@example.com
2026-09-27 23:15:33 | INFO     | ab15c03c | User logged in: httpuser@example.com
2026-09-27 23:15:52 | INFO     | 9422b440 | Request: GET /api/v1/auth/register
2026-09-27 23:15:52 | INFO     | 9422b440 | Response: GET /api/v1/auth/register -> 405
2026-09-27 23:15:54 | INFO     | 9422b440 | Request: OPTIONS /api/v1/auth/login
2026-09-27 23:15:54 | INFO     | 9422b440 | Response: OPTIONS /api/v1/auth/login -> 200
2026-09-27 23:15:57 | INFO     | 9422b440 | Request: GET /api/v1/oauth/providers
2026-09-27 23:15:57 | INFO     | 9422b440 | Response: GET /api/v1/oauth/providers -> 200
2026-09-27 23:15:57 | INFO     | 9422b440 | Request: GET /api/v1/oauth/providers
2026-09-27 23:15:57 | INFO     | 9422b440 | Response: GET /api/v1/oauth/providers -> 200
2026-09-27 23:16:09 | INFO     | 9422b440 | Request: GET /api/v1/oauth/providers
2026-09-27 23:16:09 | INFO     | 9422b440 | Response: GET /api/v1/oauth/providers -> 200
2026-09-27 23:16:28 | INFO     | d8d73189 | 🔌 Creating async database engine for localhost:5432/chronos
2026-09-27 23:16:28 | INFO     | d8d73189 | ✅ Database engine created successfully
2026-09-27 23:16:30 | INFO     | d8d73189 | User registered: newuser@example.com
2026-09-27 23:16:30 | INFO     | d8d73189 | User logged in: newuser@example.com
2026-09-27 23:16:30 | INFO     | d8d73189 | User registered: httpuser@example.com
2026-09-27 23:16:30 | INFO     | d8d73189 | User logged in: httpuser@example.com
2026-09-27 23:16:30 | INFO     | d8d73189 | ✅ Database initialized successfully
2026-09-27 23:16:30 | INFO     | d8d73189 | Request: GET /api/v1/health/
2026-09-27 23:16:31 | INFO     | d8d73189 | Response: GET /api/v1/health/ -> 200
2026-09-27 23:17:02 | INFO     | 9422b440 | Request: POST /api/v1/auth/login
2026-09-27 23:17:02 | ERROR    | 2dbfa940 | Database transaction failed: Invalid credentials
Traceback (most recent call last):
  File "C:\Users\Admin\PP\Chromos-Search\backend\app\core\database.py", line 103, in get_db
    yield session
  File "C:\Users\Admin\PP\Chromos-Search\venv\Lib\site-packages\fastapi\routing.py", line 144, in app
    response = await f(request)
               ^^^^^^^^^^^^^^^^
  File "C:\Users\Admin\PP\Chromos-Search\venv\Lib\site-packages\fastapi\routing.py", line 706, in app
    raw_response = await run_endpoint_function(
                   ^^^^^^^^^^^^^^^^^^^^^^^^^^^^
  File "C:\Users\Admin\PP\Chromos-Search\venv\Lib\site-packages\fastapi\routing.py", line 352, in run_endpoint_function
    return await dependant.call(**values)
           ^^^^^^^^^^^^^^^^^^^^^^^^^^^^^^
  File "C:\Users\Admin\PP\Chromos-Search\backend\app\api\v1\endpoints\auth.py", line 129, in login
    raise UnauthorizedException(message="Invalid credentials")
app.core.exceptions.UnauthorizedException: Invalid credentials
2026-09-27 23:17:02 | INFO     | 9422b440 | Response: POST /api/v1/auth/login -> 401
2026-09-27 23:20:20 | INFO     | 9422b440 | Request: OPTIONS /api/v1/oauth/providers
2026-09-27 23:20:20 | INFO     | 9422b440 | Request: OPTIONS /api/v1/oauth/providers
2026-09-27 23:20:20 | INFO     | 9422b440 | Response: OPTIONS /api/v1/oauth/providers -> 400
2026-09-27 23:20:20 | INFO     | 9422b440 | Response: OPTIONS /api/v1/oauth/providers -> 400
2026-09-27 23:20:51 | INFO     | 9422b440 | Request: OPTIONS /api/v1/auth/register
2026-09-27 23:20:51 | INFO     | 9422b440 | Response: OPTIONS /api/v1/auth/register -> 400
2026-09-27 23:20:51 | INFO     | 9422b440 | Request: OPTIONS /api/v1/oauth/providers
2026-09-27 23:20:51 | INFO     | 9422b440 | Response: OPTIONS /api/v1/oauth/providers -> 400
2026-09-27 23:20:51 | INFO     | 9422b440 | Request: OPTIONS /api/v1/oauth/providers
2026-09-27 23:20:51 | INFO     | 9422b440 | Response: OPTIONS /api/v1/oauth/providers -> 400
2026-09-27 23:20:56 | INFO     | 9422b440 | Request: OPTIONS /api/v1/oauth/providers
2026-09-27 23:20:56 | INFO     | 9422b440 | Request: OPTIONS /api/v1/oauth/providers
2026-09-27 23:20:56 | INFO     | 9422b440 | Response: OPTIONS /api/v1/oauth/providers -> 400
2026-09-27 23:20:56 | INFO     | 9422b440 | Response: OPTIONS /api/v1/oauth/providers -> 400
2026-09-27 23:21:37 | INFO     | 9422b440 | Request: OPTIONS /api/v1/auth/login
2026-09-27 23:21:37 | INFO     | 9422b440 | Response: OPTIONS /api/v1/auth/login -> 400
2026-09-27 23:21:37 | INFO     | 9422b440 | Request: OPTIONS /api/v1/oauth/providers
2026-09-27 23:21:37 | INFO     | 9422b440 | Response: OPTIONS /api/v1/oauth/providers -> 400
2026-09-27 23:21:37 | INFO     | 9422b440 | Request: OPTIONS /api/v1/oauth/providers
2026-09-27 23:21:37 | INFO     | 9422b440 | Response: OPTIONS /api/v1/oauth/providers -> 400
2026-09-27 23:21:54 | INFO     | 9422b440 | 🛑 Chronos Search Engine shutting down...
2026-09-27 23:21:54 | INFO     | 9422b440 | ✅ Database connections closed
2026-09-28 00:21:08 | INFO     | 98126931 | 🔌 Creating async database engine for localhost:5432/chronos
2026-09-28 00:21:09 | INFO     | 98126931 | ✅ Database engine created successfully
2026-09-28 00:21:09 | INFO     | 98126931 | 🚀 Starting Chronos Search Engine v3.0.0-masterpiece
2026-09-28 00:21:09 | INFO     | 98126931 | Environment: production
2026-09-28 00:21:09 | INFO     | 98126931 | Debug mode: True
2026-09-28 00:21:10 | INFO     | 98126931 | ✅ Database initialized successfully
2026-09-28 00:21:10 | INFO     | 98126931 | ✅ Database initialized
2026-09-28 00:21:10 | INFO     | 98126931 | ✅ Database health: healthy
2026-09-28 00:21:12 | INFO     | 98126931 | ✅ Redis connection established
2026-09-28 00:21:12 | INFO     | 98126931 | ✅ Chronos Search Engine is ready!
2026-09-28 00:21:12 | INFO     | 98126931 | 📍 API: http://localhost:8000/api/v1
2026-09-28 00:21:12 | INFO     | 98126931 | 📍 Docs: http://localhost:8000/docs
2026-09-28 00:21:49 | INFO     | 98126931 | Request: OPTIONS /api/v1/oauth/providers
2026-09-28 00:21:49 | INFO     | 98126931 | Request: OPTIONS /api/v1/oauth/providers
2026-09-28 00:21:49 | INFO     | 98126931 | Response: OPTIONS /api/v1/oauth/providers -> 200
2026-09-28 00:21:49 | INFO     | 98126931 | Response: OPTIONS /api/v1/oauth/providers -> 200
2026-09-28 00:21:49 | INFO     | 98126931 | Request: GET /api/v1/oauth/providers
2026-09-28 00:21:49 | INFO     | 98126931 | Response: GET /api/v1/oauth/providers -> 200
2026-09-28 00:21:49 | INFO     | 98126931 | Request: GET /api/v1/oauth/providers
2026-09-28 00:21:49 | INFO     | 98126931 | Response: GET /api/v1/oauth/providers -> 200
2026-09-28 00:21:55 | INFO     | 98126931 | Request: GET /api/v1/oauth/providers
2026-09-28 00:21:55 | INFO     | 98126931 | Response: GET /api/v1/oauth/providers -> 200
2026-09-28 00:21:55 | INFO     | 98126931 | Request: GET /api/v1/oauth/providers
2026-09-28 00:21:55 | INFO     | 98126931 | Response: GET /api/v1/oauth/providers -> 200
2026-09-28 00:22:10 | INFO     | 98126931 | Request: OPTIONS /api/v1/auth/login
2026-09-28 00:22:10 | INFO     | 98126931 | Response: OPTIONS /api/v1/auth/login -> 200
2026-09-28 00:22:10 | INFO     | 98126931 | Request: POST /api/v1/auth/login
2026-09-28 00:22:10 | ERROR    | req_1790 | Database transaction failed: Invalid credentials
Traceback (most recent call last):
  File "C:\Users\Admin\PP\Chromos-Search\backend\app\core\database.py", line 103, in get_db
    yield session
  File "C:\Users\Admin\PP\Chromos-Search\venv\Lib\site-packages\fastapi\routing.py", line 144, in app
    response = await f(request)
               ^^^^^^^^^^^^^^^^
  File "C:\Users\Admin\PP\Chromos-Search\venv\Lib\site-packages\fastapi\routing.py", line 706, in app
    raw_response = await run_endpoint_function(
                   ^^^^^^^^^^^^^^^^^^^^^^^^^^^^
  File "C:\Users\Admin\PP\Chromos-Search\venv\Lib\site-packages\fastapi\routing.py", line 352, in run_endpoint_function
    return await dependant.call(**values)
           ^^^^^^^^^^^^^^^^^^^^^^^^^^^^^^
  File "C:\Users\Admin\PP\Chromos-Search\backend\app\api\v1\endpoints\auth.py", line 129, in login
    raise UnauthorizedException(message="Invalid credentials")
app.core.exceptions.UnauthorizedException: Invalid credentials
2026-09-28 00:22:10 | INFO     | 98126931 | Response: POST /api/v1/auth/login -> 401
2026-09-28 00:22:10 | INFO     | 98126931 | Request: GET /api/v1/oauth/providers
2026-09-28 00:22:10 | INFO     | 98126931 | Response: GET /api/v1/oauth/providers -> 200
2026-09-28 00:22:10 | INFO     | 98126931 | Request: GET /api/v1/oauth/providers
2026-09-28 00:22:10 | INFO     | 98126931 | Response: GET /api/v1/oauth/providers -> 200
2026-09-28 00:23:11 | INFO     | 98126931 | Request: OPTIONS /api/v1/oauth/providers
2026-09-28 00:23:11 | INFO     | 98126931 | Request: OPTIONS /api/v1/oauth/providers
2026-09-28 00:23:11 | INFO     | 98126931 | Response: OPTIONS /api/v1/oauth/providers -> 200
2026-09-28 00:23:11 | INFO     | 98126931 | Response: OPTIONS /api/v1/oauth/providers -> 200
2026-09-28 00:23:11 | INFO     | 98126931 | Request: GET /api/v1/oauth/providers
2026-09-28 00:23:11 | INFO     | 98126931 | Response: GET /api/v1/oauth/providers -> 200
2026-09-28 00:23:11 | INFO     | 98126931 | Request: GET /api/v1/oauth/providers
2026-09-28 00:23:11 | INFO     | 98126931 | Response: GET /api/v1/oauth/providers -> 200
2026-09-28 00:23:20 | INFO     | 98126931 | Request: GET /api/v1/oauth/providers
2026-09-28 00:23:20 | INFO     | 98126931 | Response: GET /api/v1/oauth/providers -> 200
2026-09-28 00:23:20 | INFO     | 98126931 | Request: GET /api/v1/oauth/providers
2026-09-28 00:23:20 | INFO     | 98126931 | Response: GET /api/v1/oauth/providers -> 200
2026-09-28 00:23:43 | INFO     | 98126931 | Request: OPTIONS /api/v1/auth/register
2026-09-28 00:23:43 | INFO     | 98126931 | Response: OPTIONS /api/v1/auth/register -> 200
2026-09-28 00:23:43 | INFO     | 98126931 | Request: POST /api/v1/auth/register
2026-09-28 00:23:43 | INFO     | req_1790 | User registered: leankaloko@gmail.com
2026-09-28 00:23:43 | INFO     | 98126931 | Response: POST /api/v1/auth/register -> 200
2026-09-28 00:23:43 | INFO     | 98126931 | Request: GET /api/v1/oauth/providers
2026-09-28 00:23:43 | INFO     | 98126931 | Response: GET /api/v1/oauth/providers -> 200
2026-09-28 00:23:43 | INFO     | 98126931 | Request: GET /api/v1/oauth/providers
2026-09-28 00:23:43 | INFO     | 98126931 | Response: GET /api/v1/oauth/providers -> 200
2026-09-28 00:23:43 | INFO     | 98126931 | Request: GET /api/v1/oauth/providers
2026-09-28 00:23:43 | INFO     | 98126931 | Response: GET /api/v1/oauth/providers -> 200
2026-09-28 00:23:43 | INFO     | 98126931 | Request: GET /api/v1/oauth/providers
2026-09-28 00:23:43 | INFO     | 98126931 | Response: GET /api/v1/oauth/providers -> 200
2026-09-28 00:23:57 | INFO     | 98126931 | Request: POST /api/v1/auth/login
2026-09-28 00:23:57 | ERROR    | req_1790 | Database transaction failed: Invalid credentials
Traceback (most recent call last):
  File "C:\Users\Admin\PP\Chromos-Search\backend\app\core\database.py", line 103, in get_db
    yield session
  File "C:\Users\Admin\PP\Chromos-Search\venv\Lib\site-packages\fastapi\routing.py", line 144, in app
    response = await f(request)
               ^^^^^^^^^^^^^^^^
  File "C:\Users\Admin\PP\Chromos-Search\venv\Lib\site-packages\fastapi\routing.py", line 706, in app
    raw_response = await run_endpoint_function(
                   ^^^^^^^^^^^^^^^^^^^^^^^^^^^^
  File "C:\Users\Admin\PP\Chromos-Search\venv\Lib\site-packages\fastapi\routing.py", line 352, in run_endpoint_function
    return await dependant.call(**values)
           ^^^^^^^^^^^^^^^^^^^^^^^^^^^^^^
  File "C:\Users\Admin\PP\Chromos-Search\backend\app\api\v1\endpoints\auth.py", line 133, in login
    raise UnauthorizedException(message="Invalid credentials")
app.core.exceptions.UnauthorizedException: Invalid credentials
2026-09-28 00:23:57 | INFO     | 98126931 | Response: POST /api/v1/auth/login -> 401
2026-09-28 00:23:57 | INFO     | 98126931 | Request: GET /api/v1/oauth/providers
2026-09-28 00:23:57 | INFO     | 98126931 | Response: GET /api/v1/oauth/providers -> 200
2026-09-28 00:23:57 | INFO     | 98126931 | Request: GET /api/v1/oauth/providers
2026-09-28 00:23:57 | INFO     | 98126931 | Response: GET /api/v1/oauth/providers -> 200
2026-09-28 00:24:12 | INFO     | 98126931 | Request: GET /api/v1/oauth/providers
2026-09-28 00:24:12 | INFO     | 98126931 | Response: GET /api/v1/oauth/providers -> 200
2026-09-28 00:24:12 | INFO     | 98126931 | Request: GET /api/v1/oauth/providers
2026-09-28 00:24:12 | INFO     | 98126931 | Response: GET /api/v1/oauth/providers -> 200
2026-09-28 00:25:15 | INFO     | 98126931 | Request: GET /api/v1/oauth/providers
2026-09-28 00:25:15 | INFO     | 98126931 | Response: GET /api/v1/oauth/providers -> 200
2026-09-28 00:25:15 | INFO     | 98126931 | Request: GET /api/v1/oauth/providers
2026-09-28 00:25:15 | INFO     | 98126931 | Response: GET /api/v1/oauth/providers -> 200
2026-09-28 00:25:19 | INFO     | 98126931 | Request: GET /api/v1/oauth/providers
2026-09-28 00:25:19 | INFO     | 98126931 | Response: GET /api/v1/oauth/providers -> 200
2026-09-28 00:25:19 | INFO     | 98126931 | Request: GET /api/v1/oauth/providers
2026-09-28 00:25:19 | INFO     | 98126931 | Response: GET /api/v1/oauth/providers -> 200
2026-09-28 00:25:45 | INFO     | 81ac53f9 | 🔌 Creating async database engine for localhost:5432/chronos
2026-09-28 00:25:45 | INFO     | 81ac53f9 | ✅ Database engine created successfully
2026-09-28 00:25:46 | INFO     | 81ac53f9 | User registered: newuser@example.com
2026-09-28 00:25:46 | INFO     | 81ac53f9 | User logged in: newuser@example.com
2026-09-28 00:25:46 | INFO     | 81ac53f9 | User registered: httpuser@example.com
2026-09-28 00:25:46 | INFO     | 81ac53f9 | User logged in: httpuser@example.com
2026-09-28 00:25:49 | INFO     | 98126931 | Request: POST /api/v1/auth/login
2026-09-28 00:25:49 | ERROR    | 3b5050fa | Database transaction failed: Invalid credentials
Traceback (most recent call last):
  File "C:\Users\Admin\PP\Chromos-Search\backend\app\core\database.py", line 103, in get_db
    yield session
  File "C:\Users\Admin\PP\Chromos-Search\venv\Lib\site-packages\fastapi\routing.py", line 144, in app
    response = await f(request)
               ^^^^^^^^^^^^^^^^
  File "C:\Users\Admin\PP\Chromos-Search\venv\Lib\site-packages\fastapi\routing.py", line 706, in app
    raw_response = await run_endpoint_function(
                   ^^^^^^^^^^^^^^^^^^^^^^^^^^^^
  File "C:\Users\Admin\PP\Chromos-Search\venv\Lib\site-packages\fastapi\routing.py", line 352, in run_endpoint_function
    return await dependant.call(**values)
           ^^^^^^^^^^^^^^^^^^^^^^^^^^^^^^
  File "C:\Users\Admin\PP\Chromos-Search\backend\app\api\v1\endpoints\auth.py", line 129, in login
    raise UnauthorizedException(message="Invalid credentials")
app.core.exceptions.UnauthorizedException: Invalid credentials
2026-09-28 00:25:49 | INFO     | 98126931 | Response: POST /api/v1/auth/login -> 401
2026-09-28 00:28:09 | INFO     | 98126931 | Request: POST /api/v1/auth/login
2026-09-28 00:28:09 | ERROR    | req_1790 | Database transaction failed: Invalid credentials
Traceback (most recent call last):
  File "C:\Users\Admin\PP\Chromos-Search\backend\app\core\database.py", line 103, in get_db
    yield session
  File "C:\Users\Admin\PP\Chromos-Search\venv\Lib\site-packages\fastapi\routing.py", line 144, in app
    response = await f(request)
               ^^^^^^^^^^^^^^^^
  File "C:\Users\Admin\PP\Chromos-Search\venv\Lib\site-packages\fastapi\routing.py", line 706, in app
    raw_response = await run_endpoint_function(
                   ^^^^^^^^^^^^^^^^^^^^^^^^^^^^
  File "C:\Users\Admin\PP\Chromos-Search\venv\Lib\site-packages\fastapi\routing.py", line 352, in run_endpoint_function
    return await dependant.call(**values)
           ^^^^^^^^^^^^^^^^^^^^^^^^^^^^^^
  File "C:\Users\Admin\PP\Chromos-Search\backend\app\api\v1\endpoints\auth.py", line 133, in login
    raise UnauthorizedException(message="Invalid credentials")
app.core.exceptions.UnauthorizedException: Invalid credentials
2026-09-28 00:28:09 | INFO     | 98126931 | Response: POST /api/v1/auth/login -> 401
2026-09-28 00:28:09 | INFO     | 98126931 | Request: GET /api/v1/oauth/providers
2026-09-28 00:28:09 | INFO     | 98126931 | Response: GET /api/v1/oauth/providers -> 200
2026-09-28 00:28:09 | INFO     | 98126931 | Request: GET /api/v1/oauth/providers
2026-09-28 00:28:09 | INFO     | 98126931 | Response: GET /api/v1/oauth/providers -> 200
2026-09-28 00:30:38 | INFO     | 98126931 | 🛑 Chronos Search Engine shutting down...
2026-09-28 00:30:38 | INFO     | 98126931 | ✅ Database connections closed
2026-09-28 00:30:40 | INFO     | d090c016 | 🔌 Creating async database engine for localhost:5432/chronos
2026-09-28 00:30:40 | INFO     | d090c016 | ✅ Database engine created successfully
2026-09-28 00:30:41 | INFO     | d090c016 | 🚀 Starting Chronos Search Engine v3.0.0-masterpiece
2026-09-28 00:30:41 | INFO     | d090c016 | Environment: production
2026-09-28 00:30:41 | INFO     | d090c016 | Debug mode: True
2026-09-28 00:30:41 | INFO     | d090c016 | ✅ Database initialized successfully
2026-09-28 00:30:41 | INFO     | d090c016 | ✅ Database initialized
2026-09-28 00:30:41 | INFO     | d090c016 | ✅ Database health: healthy
2026-09-28 00:30:43 | INFO     | d090c016 | ✅ Redis connection established
2026-09-28 00:30:43 | INFO     | d090c016 | ✅ Chronos Search Engine is ready!
2026-09-28 00:30:43 | INFO     | d090c016 | 📍 API: http://localhost:8000/api/v1
2026-09-28 00:30:43 | INFO     | d090c016 | 📍 Docs: http://localhost:8000/docs
2026-09-28 00:30:43 | INFO     | d090c016 | 🛑 Chronos Search Engine shutting down...
2026-09-28 00:30:43 | INFO     | d090c016 | ✅ Database connections closed
2026-09-28 00:30:45 | INFO     | 956fa832 | 🔌 Creating async database engine for localhost:5432/chronos
2026-09-28 00:30:45 | INFO     | 956fa832 | ✅ Database engine created successfully
2026-09-28 00:30:46 | INFO     | 956fa832 | 🚀 Starting Chronos Search Engine v3.0.0-masterpiece
2026-09-28 00:30:46 | INFO     | 956fa832 | Environment: production
2026-09-28 00:30:46 | INFO     | 956fa832 | Debug mode: True
2026-09-28 00:30:46 | INFO     | 956fa832 | ✅ Database initialized successfully
2026-09-28 00:30:46 | INFO     | 956fa832 | ✅ Database initialized
2026-09-28 00:30:46 | INFO     | 956fa832 | ✅ Database health: healthy
2026-09-28 00:30:48 | INFO     | 956fa832 | ✅ Redis connection established
2026-09-28 00:30:48 | INFO     | 956fa832 | ✅ Chronos Search Engine is ready!
2026-09-28 00:30:48 | INFO     | 956fa832 | 📍 API: http://localhost:8000/api/v1
2026-09-28 00:30:48 | INFO     | 956fa832 | 📍 Docs: http://localhost:8000/docs
2026-09-28 00:30:48 | INFO     | 956fa832 | Request: GET /api/v1/oauth/providers
2026-09-28 00:30:48 | INFO     | 956fa832 | Response: GET /api/v1/oauth/providers -> 200
2026-09-28 00:30:48 | INFO     | 956fa832 | Request: GET /api/v1/oauth/providers
2026-09-28 00:30:48 | INFO     | 956fa832 | Response: GET /api/v1/oauth/providers -> 200
2026-09-28 00:30:48 | INFO     | 956fa832 | Request: GET /api/v1/oauth/providers
2026-09-28 00:30:48 | INFO     | 956fa832 | Response: GET /api/v1/oauth/providers -> 200
2026-09-28 00:30:48 | INFO     | 956fa832 | Request: GET /api/v1/oauth/providers
2026-09-28 00:30:48 | INFO     | 956fa832 | Response: GET /api/v1/oauth/providers -> 200
2026-09-28 00:31:02 | INFO     | 956fa832 | 🛑 Chronos Search Engine shutting down...
2026-09-28 00:31:02 | INFO     | 956fa832 | ✅ Database connections closed
2026-09-28 00:31:04 | INFO     | 077c909a | 🔌 Creating async database engine for localhost:5432/chronos
2026-09-28 00:31:05 | INFO     | 077c909a | ✅ Database engine created successfully
2026-09-28 00:31:05 | INFO     | 077c909a | 🚀 Starting Chronos Search Engine v3.0.0-masterpiece
2026-09-28 00:31:05 | INFO     | 077c909a | Environment: production
2026-09-28 00:31:05 | INFO     | 077c909a | Debug mode: True
2026-09-28 00:31:06 | INFO     | 077c909a | ✅ Database initialized successfully
2026-09-28 00:31:06 | INFO     | 077c909a | ✅ Database initialized
2026-09-28 00:31:06 | INFO     | 077c909a | ✅ Database health: healthy
2026-09-28 00:31:08 | INFO     | 077c909a | ✅ Redis connection established
2026-09-28 00:31:08 | INFO     | 077c909a | ✅ Chronos Search Engine is ready!
2026-09-28 00:31:08 | INFO     | 077c909a | 📍 API: http://localhost:8000/api/v1
2026-09-28 00:31:08 | INFO     | 077c909a | 📍 Docs: http://localhost:8000/docs
2026-09-28 00:31:10 | INFO     | 077c909a | 🛑 Chronos Search Engine shutting down...
2026-09-28 00:31:10 | INFO     | 077c909a | ✅ Database connections closed
2026-09-28 00:31:12 | INFO     | ff2503f1 | 🔌 Creating async database engine for localhost:5432/chronos
2026-09-28 00:31:12 | INFO     | ff2503f1 | ✅ Database engine created successfully
2026-09-28 00:31:13 | INFO     | ff2503f1 | 🚀 Starting Chronos Search Engine v3.0.0-masterpiece
2026-09-28 00:31:13 | INFO     | ff2503f1 | Environment: production
2026-09-28 00:31:13 | INFO     | ff2503f1 | Debug mode: True
2026-09-28 00:31:13 | INFO     | ff2503f1 | ✅ Database initialized successfully
2026-09-28 00:31:13 | INFO     | ff2503f1 | ✅ Database initialized
2026-09-28 00:31:13 | INFO     | ff2503f1 | ✅ Database health: healthy
2026-09-28 00:31:15 | INFO     | 376a20e5 | 🔌 Creating async database engine for localhost:5432/chronos
2026-09-28 00:31:15 | INFO     | 376a20e5 | ✅ Database engine created successfully
2026-09-28 00:31:15 | INFO     | ff2503f1 | ✅ Redis connection established
2026-09-28 00:31:15 | INFO     | ff2503f1 | ✅ Chronos Search Engine is ready!
2026-09-28 00:31:15 | INFO     | ff2503f1 | 📍 API: http://localhost:8000/api/v1
2026-09-28 00:31:15 | INFO     | ff2503f1 | 📍 Docs: http://localhost:8000/docs
2026-09-28 00:31:16 | INFO     | 376a20e5 | User registered: newuser@example.com
2026-09-28 00:31:16 | INFO     | 376a20e5 | User logged in: newuser@example.com
2026-09-28 00:31:16 | INFO     | 376a20e5 | User registered: httpuser@example.com
2026-09-28 00:31:17 | INFO     | 376a20e5 | User logged in: httpuser@example.com
2026-09-28 00:31:17 | INFO     | 376a20e5 | User logged in: httpuser@example.com
2026-09-28 00:32:34 | INFO     | ff2503f1 | Request: POST /api/v1/auth/password-reset/request
2026-09-28 00:32:34 | INFO     | ff2503f1 | Response: POST /api/v1/auth/password-reset/request -> 200
2026-09-28 00:32:38 | INFO     | aaa75f6c | 🔌 Creating async database engine for localhost:5432/chronos
2026-09-28 00:32:38 | INFO     | aaa75f6c | ✅ Database engine created successfully
2026-09-28 00:32:40 | INFO     | aaa75f6c | User registered: newuser@example.com
2026-09-28 00:32:40 | INFO     | aaa75f6c | User logged in: newuser@example.com
2026-09-28 00:32:40 | INFO     | aaa75f6c | User registered: httpuser@example.com
2026-09-28 00:32:40 | INFO     | aaa75f6c | User logged in: httpuser@example.com
2026-09-28 00:32:41 | INFO     | aaa75f6c | User logged in: httpuser@example.com
2026-09-28 00:32:41 | INFO     | aaa75f6c | ✅ Database initialized successfully
2026-09-28 00:32:41 | INFO     | aaa75f6c | Request: GET /api/v1/health/
2026-09-28 00:32:41 | INFO     | aaa75f6c | Response: GET /api/v1/health/ -> 200
2026-09-28 00:34:16 | INFO     | ff2503f1 | Request: OPTIONS /api/v1/auth/password-reset/request
2026-09-28 00:34:16 | INFO     | ff2503f1 | Response: OPTIONS /api/v1/auth/password-reset/request -> 200
2026-09-28 00:34:16 | INFO     | ff2503f1 | Request: POST /api/v1/auth/password-reset/request
2026-09-28 00:34:16 | INFO     | ff2503f1 | Response: POST /api/v1/auth/password-reset/request -> 200
2026-09-28 00:34:21 | INFO     | ff2503f1 | Request: POST /api/v1/auth/password-reset/request
2026-09-28 00:34:21 | INFO     | ff2503f1 | Response: POST /api/v1/auth/password-reset/request -> 200
2026-09-28 02:46:38 | INFO     | ff2503f1 | Request: OPTIONS /api/v1/oauth/providers
2026-09-28 02:46:38 | INFO     | ff2503f1 | Request: OPTIONS /api/v1/oauth/providers
2026-09-28 02:46:38 | INFO     | ff2503f1 | Response: OPTIONS /api/v1/oauth/providers -> 200
2026-09-28 02:46:38 | INFO     | ff2503f1 | Response: OPTIONS /api/v1/oauth/providers -> 200
2026-09-28 02:46:38 | INFO     | ff2503f1 | Request: GET /api/v1/oauth/providers
2026-09-28 02:46:38 | INFO     | ff2503f1 | Response: GET /api/v1/oauth/providers -> 200
2026-09-28 02:46:38 | INFO     | ff2503f1 | Request: GET /api/v1/oauth/providers
2026-09-28 02:46:38 | INFO     | ff2503f1 | Response: GET /api/v1/oauth/providers -> 200
2026-09-28 02:46:51 | INFO     | ff2503f1 | Request: OPTIONS /api/v1/auth/login
2026-09-28 02:46:51 | INFO     | ff2503f1 | Response: OPTIONS /api/v1/auth/login -> 200
2026-09-28 02:46:51 | INFO     | ff2503f1 | Request: POST /api/v1/auth/login
2026-09-28 02:46:51 | INFO     | req_1790 | User logged in: leankaloko@gmail.com
2026-09-28 02:46:51 | INFO     | ff2503f1 | Response: POST /api/v1/auth/login -> 200
2026-09-28 02:48:25 | INFO     | ff2503f1 | Request: OPTIONS /api/v1/health
2026-09-28 02:48:25 | INFO     | ff2503f1 | Request: OPTIONS /api/v1/health
2026-09-28 02:48:25 | INFO     | ff2503f1 | Response: OPTIONS /api/v1/health -> 200
2026-09-28 02:48:25 | INFO     | ff2503f1 | Response: OPTIONS /api/v1/health -> 200
2026-09-28 02:48:25 | INFO     | ff2503f1 | Request: GET /api/v1/health
2026-09-28 02:48:25 | INFO     | ff2503f1 | Response: GET /api/v1/health -> 307
2026-09-28 02:48:25 | INFO     | ff2503f1 | Request: GET /api/v1/health
2026-09-28 02:48:25 | INFO     | ff2503f1 | Response: GET /api/v1/health -> 307
2026-09-28 02:48:25 | INFO     | ff2503f1 | Request: OPTIONS /api/v1/health/
2026-09-28 02:48:25 | INFO     | ff2503f1 | Response: OPTIONS /api/v1/health/ -> 200
2026-09-28 02:48:25 | INFO     | ff2503f1 | Request: OPTIONS /api/v1/health/
2026-09-28 02:48:25 | INFO     | ff2503f1 | Request: GET /api/v1/health/
2026-09-28 02:48:25 | INFO     | ff2503f1 | Response: OPTIONS /api/v1/health/ -> 200
2026-09-28 02:48:25 | INFO     | ff2503f1 | Response: GET /api/v1/health/ -> 200
2026-09-28 02:48:25 | INFO     | ff2503f1 | Request: GET /api/v1/health/
2026-09-28 02:48:25 | INFO     | ff2503f1 | Response: GET /api/v1/health/ -> 200
2026-09-28 02:48:28 | INFO     | ff2503f1 | Request: GET /api/v1/health
2026-09-28 02:48:28 | INFO     | ff2503f1 | Response: GET /api/v1/health -> 307
2026-09-28 02:48:28 | INFO     | ff2503f1 | Request: GET /api/v1/health
2026-09-28 02:48:28 | INFO     | ff2503f1 | Response: GET /api/v1/health -> 307
2026-09-28 02:48:28 | INFO     | ff2503f1 | Request: GET /api/v1/health/
2026-09-28 02:48:28 | INFO     | ff2503f1 | Response: GET /api/v1/health/ -> 200
2026-09-28 02:48:28 | INFO     | ff2503f1 | Request: GET /api/v1/health/
2026-09-28 02:48:28 | INFO     | ff2503f1 | Response: GET /api/v1/health/ -> 200
2026-09-28 02:48:59 | INFO     | ff2503f1 | Request: GET /api/v1/health
2026-09-28 02:48:59 | INFO     | ff2503f1 | Response: GET /api/v1/health -> 307
2026-09-28 02:48:59 | INFO     | ff2503f1 | Request: GET /api/v1/health/
2026-09-28 02:48:59 | INFO     | ff2503f1 | Response: GET /api/v1/health/ -> 200
2026-09-28 02:49:13 | INFO     | ff2503f1 | Request: OPTIONS /api/v1/health
2026-09-28 02:49:13 | INFO     | ff2503f1 | Request: OPTIONS /api/v1/health
2026-09-28 02:49:13 | INFO     | ff2503f1 | Response: OPTIONS /api/v1/health -> 200
2026-09-28 02:49:13 | INFO     | ff2503f1 | Response: OPTIONS /api/v1/health -> 200
2026-09-28 02:49:14 | INFO     | ff2503f1 | Request: GET /api/v1/health
2026-09-28 02:49:14 | INFO     | ff2503f1 | Response: GET /api/v1/health -> 307
2026-09-28 02:49:14 | INFO     | ff2503f1 | Request: GET /api/v1/health
2026-09-28 02:49:14 | INFO     | ff2503f1 | Request: OPTIONS /api/v1/health/
2026-09-28 02:49:14 | INFO     | ff2503f1 | Response: GET /api/v1/health -> 307
2026-09-28 02:49:14 | INFO     | ff2503f1 | Response: OPTIONS /api/v1/health/ -> 200
2026-09-28 02:49:14 | INFO     | ff2503f1 | Request: OPTIONS /api/v1/health/
2026-09-28 02:49:14 | INFO     | ff2503f1 | Request: GET /api/v1/health/
2026-09-28 02:49:14 | INFO     | ff2503f1 | Response: OPTIONS /api/v1/health/ -> 200
2026-09-28 02:49:14 | INFO     | ff2503f1 | Response: GET /api/v1/health/ -> 200
2026-09-28 02:49:14 | INFO     | ff2503f1 | Request: GET /api/v1/health/
2026-09-28 02:49:14 | INFO     | ff2503f1 | Response: GET /api/v1/health/ -> 200
2026-09-28 02:49:29 | INFO     | ff2503f1 | Request: GET /api/v1/health
2026-09-28 02:49:29 | INFO     | ff2503f1 | Response: GET /api/v1/health -> 307
2026-09-28 02:49:29 | INFO     | ff2503f1 | Request: GET /api/v1/health/
2026-09-28 02:49:29 | INFO     | ff2503f1 | Response: GET /api/v1/health/ -> 200
2026-09-28 02:49:58 | INFO     | ff2503f1 | Request: GET /api/v1/health
2026-09-28 02:49:58 | INFO     | ff2503f1 | Response: GET /api/v1/health -> 307
2026-09-28 02:49:58 | INFO     | ff2503f1 | Request: GET /api/v1/health/
2026-09-28 02:49:58 | INFO     | ff2503f1 | Response: GET /api/v1/health/ -> 200
2026-09-28 02:50:28 | INFO     | ff2503f1 | Request: GET /api/v1/health
2026-09-28 02:50:28 | INFO     | ff2503f1 | Response: GET /api/v1/health -> 307
2026-09-28 02:50:28 | INFO     | ff2503f1 | Request: GET /api/v1/health/
2026-09-28 02:50:28 | INFO     | ff2503f1 | Response: GET /api/v1/health/ -> 200
2026-09-28 02:51:01 | INFO     | ff2503f1 | Request: GET /api/v1/health
2026-09-28 02:51:01 | INFO     | ff2503f1 | Response: GET /api/v1/health -> 307
2026-09-28 02:51:01 | INFO     | ff2503f1 | Request: GET /api/v1/health
2026-09-28 02:51:01 | INFO     | ff2503f1 | Response: GET /api/v1/health -> 307
2026-09-28 02:51:01 | INFO     | ff2503f1 | Request: GET /api/v1/health/
2026-09-28 02:51:01 | INFO     | ff2503f1 | Response: GET /api/v1/health/ -> 200
2026-09-28 02:51:01 | INFO     | ff2503f1 | Request: GET /api/v1/health/
2026-09-28 02:51:01 | INFO     | ff2503f1 | Response: GET /api/v1/health/ -> 200
2026-09-28 02:51:08 | INFO     | ff2503f1 | Request: GET /api/v1/health
2026-09-28 02:51:08 | INFO     | ff2503f1 | Response: GET /api/v1/health -> 307
2026-09-28 02:51:08 | INFO     | ff2503f1 | Request: GET /api/v1/health
2026-09-28 02:51:08 | INFO     | ff2503f1 | Response: GET /api/v1/health -> 307
2026-09-28 02:51:08 | INFO     | ff2503f1 | Request: GET /api/v1/health/
2026-09-28 02:51:08 | INFO     | ff2503f1 | Response: GET /api/v1/health/ -> 200
2026-09-28 02:51:08 | INFO     | ff2503f1 | Request: GET /api/v1/health/
2026-09-28 02:51:08 | INFO     | ff2503f1 | Response: GET /api/v1/health/ -> 200
2026-09-28 02:51:18 | INFO     | ff2503f1 | Request: GET /api/v1/health
2026-09-28 02:51:18 | INFO     | ff2503f1 | Response: GET /api/v1/health -> 307
2026-09-28 02:51:18 | INFO     | ff2503f1 | Request: GET /api/v1/health
2026-09-28 02:51:18 | INFO     | ff2503f1 | Response: GET /api/v1/health -> 307
2026-09-28 02:51:18 | INFO     | ff2503f1 | Request: GET /api/v1/health/
2026-09-28 02:51:18 | INFO     | ff2503f1 | Response: GET /api/v1/health/ -> 200
2026-09-28 02:51:18 | INFO     | ff2503f1 | Request: GET /api/v1/health/
2026-09-28 02:51:18 | INFO     | ff2503f1 | Response: GET /api/v1/health/ -> 200
2026-09-28 02:51:48 | INFO     | ff2503f1 | Request: GET /api/v1/health
2026-09-28 02:51:48 | INFO     | ff2503f1 | Response: GET /api/v1/health -> 307
2026-09-28 02:51:48 | INFO     | ff2503f1 | Request: GET /api/v1/health/
2026-09-28 02:51:48 | INFO     | ff2503f1 | Response: GET /api/v1/health/ -> 200
2026-09-28 02:52:18 | INFO     | ff2503f1 | Request: GET /api/v1/health
2026-09-28 02:52:18 | INFO     | ff2503f1 | Response: GET /api/v1/health -> 307
2026-09-28 02:52:18 | INFO     | ff2503f1 | Request: GET /api/v1/health/
2026-09-28 02:52:18 | INFO     | ff2503f1 | Response: GET /api/v1/health/ -> 200
2026-09-28 02:52:23 | INFO     | ff2503f1 | Request: GET /api/v1/health
2026-09-28 02:52:23 | INFO     | ff2503f1 | Response: GET /api/v1/health -> 307
2026-09-28 02:52:23 | INFO     | ff2503f1 | Request: GET /api/v1/health
2026-09-28 02:52:23 | INFO     | ff2503f1 | Response: GET /api/v1/health -> 307
2026-09-28 02:52:23 | INFO     | ff2503f1 | Request: GET /api/v1/health/
2026-09-28 02:52:23 | INFO     | ff2503f1 | Response: GET /api/v1/health/ -> 200
2026-09-28 02:52:23 | INFO     | ff2503f1 | Request: GET /api/v1/health/
2026-09-28 02:52:23 | INFO     | ff2503f1 | Response: GET /api/v1/health/ -> 200
2026-09-28 02:52:33 | INFO     | ff2503f1 | Request: GET /api/v1/health
2026-09-28 02:52:33 | INFO     | ff2503f1 | Response: GET /api/v1/health -> 307
2026-09-28 02:52:33 | INFO     | ff2503f1 | Request: GET /api/v1/health
2026-09-28 02:52:33 | INFO     | ff2503f1 | Response: GET /api/v1/health -> 307
2026-09-28 02:52:33 | INFO     | ff2503f1 | Request: GET /api/v1/health/
2026-09-28 02:52:33 | INFO     | ff2503f1 | Response: GET /api/v1/health/ -> 200
2026-09-28 02:52:33 | INFO     | ff2503f1 | Request: GET /api/v1/health/
2026-09-28 02:52:33 | INFO     | ff2503f1 | Response: GET /api/v1/health/ -> 200
2026-09-28 02:52:41 | INFO     | ff2503f1 | Request: GET /api/v1/health
2026-09-28 02:52:41 | INFO     | ff2503f1 | Response: GET /api/v1/health -> 307
2026-09-28 02:52:41 | INFO     | ff2503f1 | Request: GET /api/v1/health
2026-09-28 02:52:41 | INFO     | ff2503f1 | Response: GET /api/v1/health -> 307
2026-09-28 02:52:41 | INFO     | ff2503f1 | Request: GET /api/v1/health/
2026-09-28 02:52:41 | INFO     | ff2503f1 | Response: GET /api/v1/health/ -> 200
2026-09-28 02:52:41 | INFO     | ff2503f1 | Request: GET /api/v1/health/
2026-09-28 02:52:41 | INFO     | ff2503f1 | Response: GET /api/v1/health/ -> 200
2026-09-28 02:52:43 | INFO     | ff2503f1 | Request: GET /api/v1/health
2026-09-28 02:52:43 | INFO     | ff2503f1 | Response: GET /api/v1/health -> 307
2026-09-28 02:52:43 | INFO     | ff2503f1 | Request: GET /api/v1/health
2026-09-28 02:52:43 | INFO     | ff2503f1 | Response: GET /api/v1/health -> 307
2026-09-28 02:52:43 | INFO     | ff2503f1 | Request: GET /api/v1/health/
2026-09-28 02:52:43 | INFO     | ff2503f1 | Response: GET /api/v1/health/ -> 200
2026-09-28 02:52:43 | INFO     | ff2503f1 | Request: GET /api/v1/health/
2026-09-28 02:52:43 | INFO     | ff2503f1 | Response: GET /api/v1/health/ -> 200
2026-09-28 02:52:47 | INFO     | ff2503f1 | Request: GET /api/v1/health
2026-09-28 02:52:47 | INFO     | ff2503f1 | Response: GET /api/v1/health -> 307
2026-09-28 02:52:47 | INFO     | ff2503f1 | Request: GET /api/v1/health
2026-09-28 02:52:47 | INFO     | ff2503f1 | Response: GET /api/v1/health -> 307
2026-09-28 02:52:47 | INFO     | ff2503f1 | Request: GET /api/v1/health/
2026-09-28 02:52:47 | INFO     | ff2503f1 | Response: GET /api/v1/health/ -> 200
2026-09-28 02:52:47 | INFO     | ff2503f1 | Request: GET /api/v1/health/
2026-09-28 02:52:47 | INFO     | ff2503f1 | Response: GET /api/v1/health/ -> 200
2026-09-28 02:53:17 | INFO     | ff2503f1 | Request: GET /api/v1/health
2026-09-28 02:53:17 | INFO     | ff2503f1 | Response: GET /api/v1/health -> 307
2026-09-28 02:53:17 | INFO     | ff2503f1 | Request: GET /api/v1/health/
2026-09-28 02:53:17 | INFO     | ff2503f1 | Response: GET /api/v1/health/ -> 200
2026-09-28 02:53:47 | INFO     | ff2503f1 | Request: GET /api/v1/health
2026-09-28 02:53:47 | INFO     | ff2503f1 | Response: GET /api/v1/health -> 307
2026-09-28 02:53:47 | INFO     | ff2503f1 | Request: GET /api/v1/health/
2026-09-28 02:53:47 | INFO     | ff2503f1 | Response: GET /api/v1/health/ -> 200
2026-09-28 02:54:17 | INFO     | ff2503f1 | Request: GET /api/v1/health
2026-09-28 02:54:17 | INFO     | ff2503f1 | Response: GET /api/v1/health -> 307
2026-09-28 02:54:17 | INFO     | ff2503f1 | Request: GET /api/v1/health/
2026-09-28 02:54:17 | INFO     | ff2503f1 | Response: GET /api/v1/health/ -> 200
2026-09-28 02:54:47 | INFO     | ff2503f1 | Request: GET /api/v1/health
2026-09-28 02:54:47 | INFO     | ff2503f1 | Response: GET /api/v1/health -> 307
2026-09-28 02:54:47 | INFO     | ff2503f1 | Request: GET /api/v1/health/
2026-09-28 02:54:47 | INFO     | ff2503f1 | Response: GET /api/v1/health/ -> 200
2026-09-28 02:55:17 | INFO     | ff2503f1 | Request: GET /api/v1/health
2026-09-28 02:55:17 | INFO     | ff2503f1 | Response: GET /api/v1/health -> 307
2026-09-28 02:55:17 | INFO     | ff2503f1 | Request: GET /api/v1/health/
2026-09-28 02:55:17 | INFO     | ff2503f1 | Response: GET /api/v1/health/ -> 200
2026-09-28 02:55:47 | INFO     | ff2503f1 | Request: GET /api/v1/health
2026-09-28 02:55:47 | INFO     | ff2503f1 | Response: GET /api/v1/health -> 307
2026-09-28 02:55:47 | INFO     | ff2503f1 | Request: GET /api/v1/health/
2026-09-28 02:55:47 | INFO     | ff2503f1 | Response: GET /api/v1/health/ -> 200
2026-09-28 02:56:09 | INFO     | ff2503f1 | Request: GET /api/v1/health
2026-09-28 02:56:09 | INFO     | ff2503f1 | Response: GET /api/v1/health -> 307
2026-09-28 02:56:09 | INFO     | ff2503f1 | Request: GET /api/v1/health
2026-09-28 02:56:09 | INFO     | ff2503f1 | Response: GET /api/v1/health -> 307
2026-09-28 02:56:09 | INFO     | ff2503f1 | Request: GET /api/v1/health/
2026-09-28 02:56:09 | INFO     | ff2503f1 | Response: GET /api/v1/health/ -> 200
2026-09-28 02:56:09 | INFO     | ff2503f1 | Request: GET /api/v1/health/
2026-09-28 02:56:09 | INFO     | ff2503f1 | Response: GET /api/v1/health/ -> 200
2026-09-28 02:56:20 | INFO     | ff2503f1 | Request: GET /api/v1/health
2026-09-28 02:56:20 | INFO     | ff2503f1 | Response: GET /api/v1/health -> 307
2026-09-28 02:56:20 | INFO     | ff2503f1 | Request: GET /api/v1/health
2026-09-28 02:56:20 | INFO     | ff2503f1 | Response: GET /api/v1/health -> 307
2026-09-28 02:56:20 | INFO     | ff2503f1 | Request: GET /api/v1/health/
2026-09-28 02:56:20 | INFO     | ff2503f1 | Response: GET /api/v1/health/ -> 200
2026-09-28 02:56:20 | INFO     | ff2503f1 | Request: GET /api/v1/health/
2026-09-28 02:56:20 | INFO     | ff2503f1 | Response: GET /api/v1/health/ -> 200
2026-09-28 02:56:41 | INFO     | ff2503f1 | Request: GET /api/v1/health
2026-09-28 02:56:41 | INFO     | ff2503f1 | Response: GET /api/v1/health -> 307
2026-09-28 02:56:41 | INFO     | ff2503f1 | Request: GET /api/v1/health
2026-09-28 02:56:41 | INFO     | ff2503f1 | Response: GET /api/v1/health -> 307
2026-09-28 02:56:41 | INFO     | ff2503f1 | Request: GET /api/v1/health/
2026-09-28 02:56:41 | INFO     | ff2503f1 | Response: GET /api/v1/health/ -> 200
2026-09-28 02:56:41 | INFO     | ff2503f1 | Request: GET /api/v1/health/
2026-09-28 02:56:41 | INFO     | ff2503f1 | Response: GET /api/v1/health/ -> 200
2026-09-28 02:56:53 | INFO     | ff2503f1 | Request: OPTIONS /api/v1/oauth/providers
2026-09-28 02:56:53 | INFO     | ff2503f1 | Request: OPTIONS /api/v1/oauth/providers
2026-09-28 02:56:53 | INFO     | ff2503f1 | Response: OPTIONS /api/v1/oauth/providers -> 200
2026-09-28 02:56:53 | INFO     | ff2503f1 | Response: OPTIONS /api/v1/oauth/providers -> 200
2026-09-28 02:56:53 | INFO     | ff2503f1 | Request: GET /api/v1/oauth/providers
2026-09-28 02:56:53 | INFO     | ff2503f1 | Response: GET /api/v1/oauth/providers -> 200
2026-09-28 02:56:53 | INFO     | ff2503f1 | Request: GET /api/v1/oauth/providers
2026-09-28 02:56:53 | INFO     | ff2503f1 | Response: GET /api/v1/oauth/providers -> 200
2026-09-28 02:57:05 | INFO     | ff2503f1 | Request: GET /api/v1/health
2026-09-28 02:57:05 | INFO     | ff2503f1 | Response: GET /api/v1/health -> 307
2026-09-28 02:57:05 | INFO     | ff2503f1 | Request: GET /api/v1/health/
2026-09-28 02:57:05 | INFO     | ff2503f1 | Response: GET /api/v1/health/ -> 200
2026-09-28 02:57:38 | INFO     | ff2503f1 | Request: GET /api/v1/health
2026-09-28 02:57:38 | INFO     | ff2503f1 | Response: GET /api/v1/health -> 307
2026-09-28 02:57:38 | INFO     | ff2503f1 | Request: GET /api/v1/health/
2026-09-28 02:57:38 | INFO     | ff2503f1 | Response: GET /api/v1/health/ -> 200
2026-09-28 02:57:47 | INFO     | ff2503f1 | Request: GET /api/v1/health
2026-09-28 02:57:47 | INFO     | ff2503f1 | Response: GET /api/v1/health -> 307
2026-09-28 02:57:47 | INFO     | ff2503f1 | Request: GET /api/v1/health
2026-09-28 02:57:47 | INFO     | ff2503f1 | Response: GET /api/v1/health -> 307
2026-09-28 02:57:47 | INFO     | ff2503f1 | Request: GET /api/v1/health/
2026-09-28 02:57:47 | INFO     | ff2503f1 | Response: GET /api/v1/health/ -> 200
2026-09-28 02:57:47 | INFO     | ff2503f1 | Request: GET /api/v1/health/
2026-09-28 02:57:47 | INFO     | ff2503f1 | Response: GET /api/v1/health/ -> 200
2026-09-28 02:58:17 | INFO     | ff2503f1 | Request: GET /api/v1/health
2026-09-28 02:58:17 | INFO     | ff2503f1 | Response: GET /api/v1/health -> 307
2026-09-28 02:58:17 | INFO     | ff2503f1 | Request: GET /api/v1/health/
2026-09-28 02:58:17 | INFO     | ff2503f1 | Response: GET /api/v1/health/ -> 200
2026-09-28 02:58:47 | INFO     | ff2503f1 | Request: OPTIONS /api/v1/health
2026-09-28 02:58:47 | INFO     | ff2503f1 | Response: OPTIONS /api/v1/health -> 200
2026-09-28 02:58:47 | INFO     | ff2503f1 | Request: GET /api/v1/health
2026-09-28 02:58:47 | INFO     | ff2503f1 | Response: GET /api/v1/health -> 307
2026-09-28 02:58:47 | INFO     | ff2503f1 | Request: OPTIONS /api/v1/health/
2026-09-28 02:58:47 | INFO     | ff2503f1 | Response: OPTIONS /api/v1/health/ -> 200
2026-09-28 02:58:47 | INFO     | ff2503f1 | Request: GET /api/v1/health/
2026-09-28 02:58:47 | INFO     | ff2503f1 | Response: GET /api/v1/health/ -> 200
2026-09-28 02:59:17 | INFO     | ff2503f1 | Request: GET /api/v1/health
2026-09-28 02:59:17 | INFO     | ff2503f1 | Response: GET /api/v1/health -> 307
2026-09-28 02:59:17 | INFO     | ff2503f1 | Request: GET /api/v1/health/
2026-09-28 02:59:17 | INFO     | ff2503f1 | Response: GET /api/v1/health/ -> 200
2026-09-28 02:59:20 | INFO     | ff2503f1 | Request: GET /api/v1/health
2026-09-28 02:59:20 | INFO     | ff2503f1 | Response: GET /api/v1/health -> 307
2026-09-28 02:59:20 | INFO     | ff2503f1 | Request: GET /api/v1/health
2026-09-28 02:59:20 | INFO     | ff2503f1 | Response: GET /api/v1/health -> 307
2026-09-28 02:59:20 | INFO     | ff2503f1 | Request: GET /api/v1/health/
2026-09-28 02:59:20 | INFO     | ff2503f1 | Response: GET /api/v1/health/ -> 200
2026-09-28 02:59:20 | INFO     | ff2503f1 | Request: GET /api/v1/health/
2026-09-28 02:59:20 | INFO     | ff2503f1 | Response: GET /api/v1/health/ -> 200
2026-09-28 02:59:26 | INFO     | ff2503f1 | Request: GET /api/v1/health
2026-09-28 02:59:26 | INFO     | ff2503f1 | Response: GET /api/v1/health -> 307
2026-09-28 02:59:26 | INFO     | ff2503f1 | Request: GET /api/v1/health
2026-09-28 02:59:26 | INFO     | ff2503f1 | Response: GET /api/v1/health -> 307
2026-09-28 02:59:26 | INFO     | ff2503f1 | Request: GET /api/v1/health/
2026-09-28 02:59:26 | INFO     | ff2503f1 | Response: GET /api/v1/health/ -> 200
2026-09-28 02:59:26 | INFO     | ff2503f1 | Request: GET /api/v1/health/
2026-09-28 02:59:26 | INFO     | ff2503f1 | Response: GET /api/v1/health/ -> 200
2026-09-28 03:01:45 | INFO     | ff2503f1 | Request: GET /api/v1/health
2026-09-28 03:01:45 | INFO     | ff2503f1 | Response: GET /api/v1/health -> 307
2026-09-28 03:01:45 | INFO     | ff2503f1 | Request: GET /api/v1/health
2026-09-28 03:01:45 | INFO     | ff2503f1 | Response: GET /api/v1/health -> 307
2026-09-28 03:01:45 | INFO     | ff2503f1 | Request: GET /api/v1/health/
2026-09-28 03:01:45 | INFO     | ff2503f1 | Response: GET /api/v1/health/ -> 200
2026-09-28 03:01:45 | INFO     | ff2503f1 | Request: GET /api/v1/health/
2026-09-28 03:01:45 | INFO     | ff2503f1 | Response: GET /api/v1/health/ -> 200
2026-09-28 03:02:07 | INFO     | ff2503f1 | Request: GET /api/v1/health
2026-09-28 03:02:07 | INFO     | ff2503f1 | Response: GET /api/v1/health -> 307
2026-09-28 03:02:07 | INFO     | ff2503f1 | Request: GET /api/v1/health
2026-09-28 03:02:07 | INFO     | ff2503f1 | Response: GET /api/v1/health -> 307
2026-09-28 03:02:07 | INFO     | ff2503f1 | Request: GET /api/v1/health/
2026-09-28 03:02:07 | INFO     | ff2503f1 | Response: GET /api/v1/health/ -> 200
2026-09-28 03:02:07 | INFO     | ff2503f1 | Request: GET /api/v1/health/
2026-09-28 03:02:07 | INFO     | ff2503f1 | Response: GET /api/v1/health/ -> 200
2026-09-28 03:02:37 | INFO     | ff2503f1 | Request: GET /api/v1/health
2026-09-28 03:02:37 | INFO     | ff2503f1 | Response: GET /api/v1/health -> 307
2026-09-28 03:02:37 | INFO     | ff2503f1 | Request: GET /api/v1/health/
2026-09-28 03:02:37 | INFO     | ff2503f1 | Response: GET /api/v1/health/ -> 200
2026-09-28 03:03:04 | INFO     | ff2503f1 | Request: GET /api/v1/health
2026-09-28 03:03:04 | INFO     | ff2503f1 | Response: GET /api/v1/health -> 307
2026-09-28 03:03:04 | INFO     | ff2503f1 | Request: GET /api/v1/health
2026-09-28 03:03:04 | INFO     | ff2503f1 | Response: GET /api/v1/health -> 307
2026-09-28 03:03:04 | INFO     | ff2503f1 | Request: GET /api/v1/health/
2026-09-28 03:03:04 | INFO     | ff2503f1 | Response: GET /api/v1/health/ -> 200
2026-09-28 03:03:04 | INFO     | ff2503f1 | Request: GET /api/v1/health/
2026-09-28 03:03:04 | INFO     | ff2503f1 | Response: GET /api/v1/health/ -> 200
2026-09-28 03:03:34 | INFO     | ff2503f1 | Request: GET /api/v1/health
2026-09-28 03:03:34 | INFO     | ff2503f1 | Response: GET /api/v1/health -> 307
2026-09-28 03:03:34 | INFO     | ff2503f1 | Request: GET /api/v1/health/
2026-09-28 03:03:34 | INFO     | ff2503f1 | Response: GET /api/v1/health/ -> 200
2026-09-28 03:03:36 | INFO     | ff2503f1 | Request: OPTIONS /api/v1/search/initiate
2026-09-28 03:03:36 | INFO     | ff2503f1 | Response: OPTIONS /api/v1/search/initiate -> 200
2026-09-28 03:03:36 | INFO     | ff2503f1 | Request: POST /api/v1/search/initiate
2026-09-28 03:03:36 | INFO     | ff2503f1 | Response: POST /api/v1/search/initiate -> 404
2026-09-28 03:03:37 | INFO     | ff2503f1 | Request: POST /api/v1/search/initiate
2026-09-28 03:03:37 | INFO     | ff2503f1 | Response: POST /api/v1/search/initiate -> 404
2026-09-28 03:04:04 | INFO     | ff2503f1 | Request: GET /api/v1/health
2026-09-28 03:04:04 | INFO     | ff2503f1 | Response: GET /api/v1/health -> 307
2026-09-28 03:04:04 | INFO     | ff2503f1 | Request: GET /api/v1/health/
2026-09-28 03:04:04 | INFO     | ff2503f1 | Response: GET /api/v1/health/ -> 200
2026-09-28 03:04:10 | INFO     | ff2503f1 | Request: POST /api/v1/search/initiate
2026-09-28 03:04:10 | INFO     | ff2503f1 | Response: POST /api/v1/search/initiate -> 404
2026-09-28 03:04:11 | INFO     | ff2503f1 | Request: POST /api/v1/search/initiate
2026-09-28 03:04:11 | INFO     | ff2503f1 | Response: POST /api/v1/search/initiate -> 404
2026-09-28 03:04:34 | INFO     | ff2503f1 | Request: GET /api/v1/health
2026-09-28 03:04:34 | INFO     | ff2503f1 | Response: GET /api/v1/health -> 307
2026-09-28 03:04:34 | INFO     | ff2503f1 | Request: GET /api/v1/health/
2026-09-28 03:04:34 | INFO     | ff2503f1 | Response: GET /api/v1/health/ -> 200
2026-09-28 03:05:04 | INFO     | ff2503f1 | Request: GET /api/v1/health
2026-09-28 03:05:04 | INFO     | ff2503f1 | Response: GET /api/v1/health -> 307
2026-09-28 03:05:04 | INFO     | ff2503f1 | Request: GET /api/v1/health/
2026-09-28 03:05:04 | INFO     | ff2503f1 | Response: GET /api/v1/health/ -> 200
2026-09-28 03:05:34 | INFO     | ff2503f1 | Request: GET /api/v1/health
2026-09-28 03:05:34 | INFO     | ff2503f1 | Response: GET /api/v1/health -> 307
2026-09-28 03:05:34 | INFO     | ff2503f1 | Request: GET /api/v1/health/
2026-09-28 03:05:34 | INFO     | ff2503f1 | Response: GET /api/v1/health/ -> 200
2026-09-28 03:06:04 | INFO     | ff2503f1 | Request: GET /api/v1/health
2026-09-28 03:06:04 | INFO     | ff2503f1 | Response: GET /api/v1/health -> 307
2026-09-28 03:06:04 | INFO     | ff2503f1 | Request: GET /api/v1/health/
2026-09-28 03:06:04 | INFO     | ff2503f1 | Response: GET /api/v1/health/ -> 200
2026-09-28 03:06:34 | INFO     | ff2503f1 | Request: GET /api/v1/health
2026-09-28 03:06:34 | INFO     | ff2503f1 | Response: GET /api/v1/health -> 307
2026-09-28 03:06:34 | INFO     | ff2503f1 | Request: GET /api/v1/health/
2026-09-28 03:06:34 | INFO     | ff2503f1 | Response: GET /api/v1/health/ -> 200
2026-09-28 03:06:49 | INFO     | ff2503f1 | Request: POST /api/v1/search/initiate
2026-09-28 03:06:49 | INFO     | ff2503f1 | Response: POST /api/v1/search/initiate -> 404
2026-09-28 03:06:50 | INFO     | ff2503f1 | Request: POST /api/v1/search/initiate
2026-09-28 03:06:50 | INFO     | ff2503f1 | Response: POST /api/v1/search/initiate -> 404
2026-09-28 03:07:04 | INFO     | ff2503f1 | Request: GET /api/v1/health
2026-09-28 03:07:04 | INFO     | ff2503f1 | Response: GET /api/v1/health -> 307
2026-09-28 03:07:04 | INFO     | ff2503f1 | Request: GET /api/v1/health/
2026-09-28 03:07:04 | INFO     | ff2503f1 | Response: GET /api/v1/health/ -> 200
2026-09-28 03:07:04 | INFO     | ff2503f1 | Request: POST /api/v1/search/initiate
2026-09-28 03:07:04 | INFO     | ff2503f1 | Response: POST /api/v1/search/initiate -> 404
2026-09-28 03:07:05 | INFO     | ff2503f1 | Request: POST /api/v1/search/initiate
2026-09-28 03:07:05 | INFO     | ff2503f1 | Response: POST /api/v1/search/initiate -> 404
2026-09-28 03:07:34 | INFO     | ff2503f1 | Request: GET /api/v1/health
2026-09-28 03:07:34 | INFO     | ff2503f1 | Response: GET /api/v1/health -> 307
2026-09-28 03:07:34 | INFO     | ff2503f1 | Request: GET /api/v1/health/
2026-09-28 03:07:34 | INFO     | ff2503f1 | Response: GET /api/v1/health/ -> 200
2026-09-28 03:07:44 | INFO     | ff2503f1 | 🛑 Chronos Search Engine shutting down...
2026-09-28 03:07:44 | INFO     | ff2503f1 | ✅ Database connections closed
2026-09-28 03:07:48 | INFO     | 28aca48f | 🔌 Creating async database engine for localhost:5432/chronos
2026-09-28 03:07:48 | INFO     | 28aca48f | ✅ Database engine created successfully
2026-09-28 03:07:49 | INFO     | 28aca48f | 🚀 Starting Chronos Search Engine v3.0.0-masterpiece
2026-09-28 03:07:49 | INFO     | 28aca48f | Environment: production
2026-09-28 03:07:49 | INFO     | 28aca48f | Debug mode: True
2026-09-28 03:07:49 | INFO     | 28aca48f | ✅ Database initialized successfully
2026-09-28 03:07:49 | INFO     | 28aca48f | ✅ Database initialized
2026-09-28 03:07:49 | INFO     | 28aca48f | ✅ Database health: healthy
2026-09-28 03:07:51 | INFO     | 28aca48f | ✅ Redis connection established
2026-09-28 03:07:51 | INFO     | 28aca48f | ✅ Chronos Search Engine is ready!
2026-09-28 03:07:51 | INFO     | 28aca48f | 📍 API: http://localhost:8000/api/v1
2026-09-28 03:07:51 | INFO     | 28aca48f | 📍 Docs: http://localhost:8000/docs
2026-09-28 03:07:52 | INFO     | 28aca48f | 🛑 Chronos Search Engine shutting down...
2026-09-28 03:07:52 | INFO     | 28aca48f | ✅ Database connections closed
2026-09-28 03:07:55 | INFO     | 5dfe50c1 | 🔌 Creating async database engine for localhost:5432/chronos
2026-09-28 03:07:55 | INFO     | 5dfe50c1 | ✅ Database engine created successfully
2026-09-28 03:07:56 | INFO     | 5dfe50c1 | 🚀 Starting Chronos Search Engine v3.0.0-masterpiece
2026-09-28 03:07:56 | INFO     | 5dfe50c1 | Environment: production
2026-09-28 03:07:56 | INFO     | 5dfe50c1 | Debug mode: True
2026-09-28 03:07:56 | INFO     | 5dfe50c1 | ✅ Database initialized successfully
2026-09-28 03:07:56 | INFO     | 5dfe50c1 | ✅ Database initialized
2026-09-28 03:07:56 | INFO     | 5dfe50c1 | ✅ Database health: healthy
2026-09-28 03:07:58 | INFO     | 5dfe50c1 | ✅ Redis connection established
2026-09-28 03:07:58 | INFO     | 5dfe50c1 | ✅ Chronos Search Engine is ready!
2026-09-28 03:07:58 | INFO     | 5dfe50c1 | 📍 API: http://localhost:8000/api/v1
2026-09-28 03:07:58 | INFO     | 5dfe50c1 | 📍 Docs: http://localhost:8000/docs
2026-09-28 03:08:02 | INFO     | 5dfe50c1 | 🛑 Chronos Search Engine shutting down...
2026-09-28 03:08:02 | INFO     | 5dfe50c1 | ✅ Database connections closed
2026-09-28 03:08:04 | INFO     | 2f0c790d | 🔌 Creating async database engine for localhost:5432/chronos
2026-09-28 03:08:04 | INFO     | 2f0c790d | ✅ Database engine created successfully
2026-09-28 03:08:05 | INFO     | 2f0c790d | 🚀 Starting Chronos Search Engine v3.0.0-masterpiece
2026-09-28 03:08:05 | INFO     | 2f0c790d | Environment: production
2026-09-28 03:08:05 | INFO     | 2f0c790d | Debug mode: True
2026-09-28 03:08:05 | INFO     | 2f0c790d | ✅ Database initialized successfully
2026-09-28 03:08:05 | INFO     | 2f0c790d | ✅ Database initialized
2026-09-28 03:08:05 | INFO     | 2f0c790d | ✅ Database health: healthy
2026-09-28 03:08:06 | INFO     | ca4f5b2f | 🔌 Creating async database engine for localhost:5432/chronos
2026-09-28 03:08:06 | INFO     | ca4f5b2f | ✅ Database engine created successfully
2026-09-28 03:08:07 | INFO     | 2f0c790d | ✅ Redis connection established
2026-09-28 03:08:07 | INFO     | 2f0c790d | ✅ Chronos Search Engine is ready!
2026-09-28 03:08:07 | INFO     | 2f0c790d | 📍 API: http://localhost:8000/api/v1
2026-09-28 03:08:07 | INFO     | 2f0c790d | 📍 Docs: http://localhost:8000/docs
2026-09-28 03:08:07 | INFO     | 2f0c790d | Request: GET /api/v1/health
2026-09-28 03:08:08 | INFO     | 2f0c790d | Response: GET /api/v1/health -> 307
2026-09-28 03:08:08 | INFO     | 2f0c790d | Request: GET /api/v1/health/
2026-09-28 03:08:08 | INFO     | 2f0c790d | Response: GET /api/v1/health/ -> 200
2026-09-28 03:08:34 | INFO     | 2f0c790d | Request: GET /api/v1/health
2026-09-28 03:08:34 | INFO     | 2f0c790d | Response: GET /api/v1/health -> 307
2026-09-28 03:08:34 | INFO     | 2f0c790d | Request: GET /api/v1/health/
2026-09-28 03:08:34 | INFO     | 2f0c790d | Response: GET /api/v1/health/ -> 200
2026-09-28 03:08:36 | INFO     | 2f0c790d | Request: GET /openapi.json
2026-09-28 03:08:36 | INFO     | 2f0c790d | Response: GET /openapi.json -> 200
2026-09-28 03:09:04 | INFO     | 2f0c790d | Request: OPTIONS /api/v1/health
2026-09-28 03:09:04 | INFO     | 2f0c790d | Response: OPTIONS /api/v1/health -> 200
2026-09-28 03:09:04 | INFO     | 2f0c790d | Request: GET /api/v1/health
2026-09-28 03:09:04 | INFO     | 2f0c790d | Response: GET /api/v1/health -> 307
2026-09-28 03:09:04 | INFO     | 2f0c790d | Request: OPTIONS /api/v1/health/
2026-09-28 03:09:04 | INFO     | 2f0c790d | Response: OPTIONS /api/v1/health/ -> 200
2026-09-28 03:09:04 | INFO     | 2f0c790d | Request: GET /api/v1/health/
2026-09-28 03:09:04 | INFO     | 2f0c790d | Response: GET /api/v1/health/ -> 200
2026-09-28 03:09:34 | INFO     | 2f0c790d | Request: GET /api/v1/health
2026-09-28 03:09:34 | INFO     | 2f0c790d | Response: GET /api/v1/health -> 307
2026-09-28 03:09:34 | INFO     | 2f0c790d | Request: GET /api/v1/health/
2026-09-28 03:09:34 | INFO     | 2f0c790d | Response: GET /api/v1/health/ -> 200
2026-09-28 03:10:03 | INFO     | 2f0c790d | Request: POST /api/v1/search/initiate
2026-09-28 03:10:03 | ERROR    | req_1790 | Database transaction failed: verify_token() missing 1 required positional argument: 'token_type'
Traceback (most recent call last):
  File "C:\Users\Admin\PP\Chromos-Search\backend\app\core\database.py", line 103, in get_db
    yield session
  File "C:\Users\Admin\PP\Chromos-Search\venv\Lib\site-packages\fastapi\routing.py", line 144, in app
    response = await f(request)
               ^^^^^^^^^^^^^^^^
  File "C:\Users\Admin\PP\Chromos-Search\venv\Lib\site-packages\fastapi\routing.py", line 481, in app
    solved_result = await solve_dependencies(
                    ^^^^^^^^^^^^^^^^^^^^^^^^^
  File "C:\Users\Admin\PP\Chromos-Search\venv\Lib\site-packages\fastapi\dependencies\utils.py", line 640, in solve_dependencies
    solved_result = await solve_dependencies(
                    ^^^^^^^^^^^^^^^^^^^^^^^^^
  File "C:\Users\Admin\PP\Chromos-Search\venv\Lib\site-packages\fastapi\dependencies\utils.py", line 640, in solve_dependencies
    solved_result = await solve_dependencies(
                    ^^^^^^^^^^^^^^^^^^^^^^^^^
  File "C:\Users\Admin\PP\Chromos-Search\venv\Lib\site-packages\fastapi\dependencies\utils.py", line 674, in solve_dependencies
    solved = await call(**solved_result.values)
             ^^^^^^^^^^^^^^^^^^^^^^^^^^^^^^^^^^
  File "C:\Users\Admin\PP\Chromos-Search\backend\app\api\v1\deps.py", line 25, in __call__
    payload = verify_token(credentials.credentials)
              ^^^^^^^^^^^^^^^^^^^^^^^^^^^^^^^^^^^^^
TypeError: verify_token() missing 1 required positional argument: 'token_type'
2026-09-28 03:10:03 | ERROR    | 2f0c790d | Unhandled exception: verify_token() missing 1 required positional argument: 'token_type'
  + Exception Group Traceback (most recent call last):
  |   File "C:\Users\Admin\PP\Chromos-Search\venv\Lib\site-packages\starlette\_utils.py", line 85, in create_collapsing_task_group
  |     async with anyio.create_task_group() as tg:
  |   File "C:\Users\Admin\PP\Chromos-Search\venv\Lib\site-packages\anyio\_backends\_asyncio.py", line 815, in __aexit__
  |     raise BaseExceptionGroup(
  | ExceptionGroup: unhandled errors in a TaskGroup (1 sub-exception)
  +-+---------------- 1 ----------------
    | Traceback (most recent call last):
    |   File "C:\Users\Admin\PP\Chromos-Search\venv\Lib\site-packages\starlette\middleware\errors.py", line 164, in __call__
    |     await self.app(scope, receive, _send)
    |   File "C:\Users\Admin\PP\Chromos-Search\venv\Lib\site-packages\starlette\middleware\base.py", line 193, in __call__
    |     response = await self.dispatch_func(request, call_next)
    |                ^^^^^^^^^^^^^^^^^^^^^^^^^^^^^^^^^^^^^^^^^^^^
    |   File "C:\Users\Admin\PP\Chromos-Search\backend\app\main.py", line 113, in log_requests
    |     response = await call_next(request)
    |                ^^^^^^^^^^^^^^^^^^^^^^^^
    |   File "C:\Users\Admin\PP\Chromos-Search\venv\Lib\site-packages\starlette\middleware\base.py", line 168, in call_next
    |     raise app_exc from app_exc.__cause__ or app_exc.__context__
    |   File "C:\Users\Admin\PP\Chromos-Search\venv\Lib\site-packages\starlette\middleware\base.py", line 144, in coro
    |     await self.app(scope, receive_or_disconnect, send_no_error)
    |   File "C:\Users\Admin\PP\Chromos-Search\venv\Lib\site-packages\starlette\middleware\base.py", line 193, in __call__
    |     response = await self.dispatch_func(request, call_next)
    |                ^^^^^^^^^^^^^^^^^^^^^^^^^^^^^^^^^^^^^^^^^^^^
    |   File "C:\Users\Admin\PP\Chromos-Search\backend\app\main.py", line 91, in add_request_id
    |     response = await call_next(request)
    |                ^^^^^^^^^^^^^^^^^^^^^^^^
    |   File "C:\Users\Admin\PP\Chromos-Search\venv\Lib\site-packages\starlette\middleware\base.py", line 168, in call_next
    |     raise app_exc from app_exc.__cause__ or app_exc.__context__
    |   File "C:\Users\Admin\PP\Chromos-Search\venv\Lib\site-packages\starlette\middleware\base.py", line 144, in coro
    |     await self.app(scope, receive_or_disconnect, send_no_error)
    |   File "C:\Users\Admin\PP\Chromos-Search\venv\Lib\site-packages\starlette\middleware\trustedhost.py", line 36, in __call__
    |     await self.app(scope, receive, send)
    |   File "C:\Users\Admin\PP\Chromos-Search\venv\Lib\site-packages\starlette\middleware\cors.py", line 96, in __call__
    |     await self.simple_response(scope, receive, send, request_headers=headers)
    |   File "C:\Users\Admin\PP\Chromos-Search\venv\Lib\site-packages\starlette\middleware\cors.py", line 154, in simple_response
    |     await self.app(scope, receive, send)
    |   File "C:\Users\Admin\PP\Chromos-Search\venv\Lib\site-packages\starlette\middleware\exceptions.py", line 63, in __call__
    |     await wrap_app_handling_exceptions(self.app, conn)(scope, receive, send)
    |   File "C:\Users\Admin\PP\Chromos-Search\venv\Lib\site-packages\starlette\_exception_handler.py", line 53, in wrapped_app
    |     raise exc
    |   File "C:\Users\Admin\PP\Chromos-Search\venv\Lib\site-packages\starlette\_exception_handler.py", line 42, in wrapped_app
    |     await app(scope, receive, sender)
    |   File "C:\Users\Admin\PP\Chromos-Search\venv\Lib\site-packages\fastapi\middleware\asyncexitstack.py", line 18, in __call__
    |     await self.app(scope, receive, send)
    |   File "C:\Users\Admin\PP\Chromos-Search\venv\Lib\site-packages\starlette\routing.py", line 670, in __call__
    |     await self.middleware_stack(scope, receive, send)
    |   File "C:\Users\Admin\PP\Chromos-Search\venv\Lib\site-packages\fastapi\routing.py", line 2734, in app
    |     await route.handle(scope, receive, send)
    |   File "C:\Users\Admin\PP\Chromos-Search\venv\Lib\site-packages\fastapi\routing.py", line 1780, in handle
    |     await self.original_router.handle(scope, receive, send)
    |   File "C:\Users\Admin\PP\Chromos-Search\venv\Lib\site-packages\fastapi\routing.py", line 2789, in handle
    |     await included_router._handle_selected(scope, receive, send)
    |   File "C:\Users\Admin\PP\Chromos-Search\venv\Lib\site-packages\fastapi\routing.py", line 1791, in _handle_selected
    |     await route.handle(scope, receive, send)
    |   File "C:\Users\Admin\PP\Chromos-Search\venv\Lib\site-packages\fastapi\routing.py", line 1780, in handle
    |     await self.original_router.handle(scope, receive, send)
    |   File "C:\Users\Admin\PP\Chromos-Search\venv\Lib\site-packages\fastapi\routing.py", line 2789, in handle
    |     await included_router._handle_selected(scope, receive, send)
    |   File "C:\Users\Admin\PP\Chromos-Search\venv\Lib\site-packages\fastapi\routing.py", line 1800, in _handle_selected
    |     await original_route.handle(scope, receive, send)
    |   File "C:\Users\Admin\PP\Chromos-Search\venv\Lib\site-packages\fastapi\routing.py", line 1279, in handle
    |     await app(scope, receive, send)
    |   File "C:\Users\Admin\PP\Chromos-Search\venv\Lib\site-packages\fastapi\routing.py", line 158, in app
    |     await wrap_app_handling_exceptions(app, request)(scope, receive, send)
    |   File "C:\Users\Admin\PP\Chromos-Search\venv\Lib\site-packages\starlette\_exception_handler.py", line 53, in wrapped_app
    |     raise exc
    |   File "C:\Users\Admin\PP\Chromos-Search\venv\Lib\site-packages\starlette\_exception_handler.py", line 42, in wrapped_app
    |     await app(scope, receive, sender)
    |   File "C:\Users\Admin\PP\Chromos-Search\venv\Lib\site-packages\fastapi\routing.py", line 144, in app
    |     response = await f(request)
    |                ^^^^^^^^^^^^^^^^
    |   File "C:\Users\Admin\PP\Chromos-Search\venv\Lib\site-packages\fastapi\routing.py", line 481, in app
    |     solved_result = await solve_dependencies(
    |                     ^^^^^^^^^^^^^^^^^^^^^^^^^
    |   File "C:\Users\Admin\PP\Chromos-Search\venv\Lib\site-packages\fastapi\dependencies\utils.py", line 640, in solve_dependencies
    |     solved_result = await solve_dependencies(
    |                     ^^^^^^^^^^^^^^^^^^^^^^^^^
    |   File "C:\Users\Admin\PP\Chromos-Search\venv\Lib\site-packages\fastapi\dependencies\utils.py", line 640, in solve_dependencies
    |     solved_result = await solve_dependencies(
    |                     ^^^^^^^^^^^^^^^^^^^^^^^^^
    |   File "C:\Users\Admin\PP\Chromos-Search\venv\Lib\site-packages\fastapi\dependencies\utils.py", line 674, in solve_dependencies
    |     solved = await call(**solved_result.values)
    |              ^^^^^^^^^^^^^^^^^^^^^^^^^^^^^^^^^^
    |   File "C:\Users\Admin\PP\Chromos-Search\backend\app\api\v1\deps.py", line 25, in __call__
    |     payload = verify_token(credentials.credentials)
    |               ^^^^^^^^^^^^^^^^^^^^^^^^^^^^^^^^^^^^^
    | TypeError: verify_token() missing 1 required positional argument: 'token_type'
    +------------------------------------

The above exception was the direct cause of the following exception:

Traceback (most recent call last):
  File "C:\Users\Admin\PP\Chromos-Search\venv\Lib\site-packages\starlette\middleware\errors.py", line 164, in __call__
    await self.app(scope, receive, _send)
  File "C:\Users\Admin\PP\Chromos-Search\venv\Lib\site-packages\starlette\middleware\base.py", line 193, in __call__
    response = await self.dispatch_func(request, call_next)
               ^^^^^^^^^^^^^^^^^^^^^^^^^^^^^^^^^^^^^^^^^^^^
  File "C:\Users\Admin\PP\Chromos-Search\backend\app\main.py", line 113, in log_requests
    response = await call_next(request)
               ^^^^^^^^^^^^^^^^^^^^^^^^
  File "C:\Users\Admin\PP\Chromos-Search\venv\Lib\site-packages\starlette\middleware\base.py", line 168, in call_next
    raise app_exc from app_exc.__cause__ or app_exc.__context__
  File "C:\Users\Admin\PP\Chromos-Search\venv\Lib\site-packages\starlette\middleware\base.py", line 144, in coro
    await self.app(scope, receive_or_disconnect, send_no_error)
  File "C:\Users\Admin\PP\Chromos-Search\venv\Lib\site-packages\starlette\middleware\base.py", line 193, in __call__
    response = await self.dispatch_func(request, call_next)
               ^^^^^^^^^^^^^^^^^^^^^^^^^^^^^^^^^^^^^^^^^^^^
  File "C:\Users\Admin\PP\Chromos-Search\backend\app\main.py", line 91, in add_request_id
    response = await call_next(request)
               ^^^^^^^^^^^^^^^^^^^^^^^^
  File "C:\Users\Admin\PP\Chromos-Search\venv\Lib\site-packages\starlette\middleware\base.py", line 168, in call_next
    raise app_exc from app_exc.__cause__ or app_exc.__context__
  File "C:\Users\Admin\PP\Chromos-Search\venv\Lib\site-packages\starlette\middleware\base.py", line 144, in coro
    await self.app(scope, receive_or_disconnect, send_no_error)
  File "C:\Users\Admin\PP\Chromos-Search\venv\Lib\site-packages\starlette\middleware\trustedhost.py", line 36, in __call__
    await self.app(scope, receive, send)
  File "C:\Users\Admin\PP\Chromos-Search\venv\Lib\site-packages\starlette\middleware\cors.py", line 96, in __call__
    await self.simple_response(scope, receive, send, request_headers=headers)
  File "C:\Users\Admin\PP\Chromos-Search\venv\Lib\site-packages\starlette\middleware\cors.py", line 154, in simple_response
    await self.app(scope, receive, send)
  File "C:\Users\Admin\PP\Chromos-Search\venv\Lib\site-packages\starlette\middleware\exceptions.py", line 63, in __call__
    await wrap_app_handling_exceptions(self.app, conn)(scope, receive, send)
  File "C:\Users\Admin\PP\Chromos-Search\venv\Lib\site-packages\starlette\_exception_handler.py", line 53, in wrapped_app
    raise exc
  File "C:\Users\Admin\PP\Chromos-Search\venv\Lib\site-packages\starlette\_exception_handler.py", line 42, in wrapped_app
    await app(scope, receive, sender)
  File "C:\Users\Admin\PP\Chromos-Search\venv\Lib\site-packages\fastapi\middleware\asyncexitstack.py", line 18, in __call__
    await self.app(scope, receive, send)
  File "C:\Users\Admin\PP\Chromos-Search\venv\Lib\site-packages\starlette\routing.py", line 670, in __call__
    await self.middleware_stack(scope, receive, send)
  File "C:\Users\Admin\PP\Chromos-Search\venv\Lib\site-packages\fastapi\routing.py", line 2734, in app
    await route.handle(scope, receive, send)
  File "C:\Users\Admin\PP\Chromos-Search\venv\Lib\site-packages\fastapi\routing.py", line 1780, in handle
    await self.original_router.handle(scope, receive, send)
  File "C:\Users\Admin\PP\Chromos-Search\venv\Lib\site-packages\fastapi\routing.py", line 2789, in handle
    await included_router._handle_selected(scope, receive, send)
  File "C:\Users\Admin\PP\Chromos-Search\venv\Lib\site-packages\fastapi\routing.py", line 1791, in _handle_selected
    await route.handle(scope, receive, send)
  File "C:\Users\Admin\PP\Chromos-Search\venv\Lib\site-packages\fastapi\routing.py", line 1780, in handle
    await self.original_router.handle(scope, receive, send)
  File "C:\Users\Admin\PP\Chromos-Search\venv\Lib\site-packages\fastapi\routing.py", line 2789, in handle
    await included_router._handle_selected(scope, receive, send)
  File "C:\Users\Admin\PP\Chromos-Search\venv\Lib\site-packages\fastapi\routing.py", line 1800, in _handle_selected
    await original_route.handle(scope, receive, send)
  File "C:\Users\Admin\PP\Chromos-Search\venv\Lib\site-packages\fastapi\routing.py", line 1279, in handle
    await app(scope, receive, send)
  File "C:\Users\Admin\PP\Chromos-Search\venv\Lib\site-packages\fastapi\routing.py", line 158, in app
    await wrap_app_handling_exceptions(app, request)(scope, receive, send)
  File "C:\Users\Admin\PP\Chromos-Search\venv\Lib\site-packages\starlette\_exception_handler.py", line 53, in wrapped_app
    raise exc
  File "C:\Users\Admin\PP\Chromos-Search\venv\Lib\site-packages\starlette\_exception_handler.py", line 42, in wrapped_app
    await app(scope, receive, sender)
  File "C:\Users\Admin\PP\Chromos-Search\venv\Lib\site-packages\fastapi\routing.py", line 144, in app
    response = await f(request)
               ^^^^^^^^^^^^^^^^
  File "C:\Users\Admin\PP\Chromos-Search\venv\Lib\site-packages\fastapi\routing.py", line 481, in app
    solved_result = await solve_dependencies(
                    ^^^^^^^^^^^^^^^^^^^^^^^^^
  File "C:\Users\Admin\PP\Chromos-Search\venv\Lib\site-packages\fastapi\dependencies\utils.py", line 640, in solve_dependencies
    solved_result = await solve_dependencies(
                    ^^^^^^^^^^^^^^^^^^^^^^^^^
  File "C:\Users\Admin\PP\Chromos-Search\venv\Lib\site-packages\fastapi\dependencies\utils.py", line 640, in solve_dependencies
    solved_result = await solve_dependencies(
                    ^^^^^^^^^^^^^^^^^^^^^^^^^
  File "C:\Users\Admin\PP\Chromos-Search\venv\Lib\site-packages\fastapi\dependencies\utils.py", line 674, in solve_dependencies
    solved = await call(**solved_result.values)
             ^^^^^^^^^^^^^^^^^^^^^^^^^^^^^^^^^^
  File "C:\Users\Admin\PP\Chromos-Search\backend\app\api\v1\deps.py", line 25, in __call__
    payload = verify_token(credentials.credentials)
              ^^^^^^^^^^^^^^^^^^^^^^^^^^^^^^^^^^^^^
TypeError: verify_token() missing 1 required positional argument: 'token_type'
2026-09-28 03:10:04 | INFO     | 2f0c790d | Request: GET /api/v1/health
2026-09-28 03:10:04 | INFO     | 2f0c790d | Response: GET /api/v1/health -> 307
2026-09-28 03:10:04 | INFO     | 2f0c790d | Request: GET /api/v1/health/
2026-09-28 03:10:04 | INFO     | 2f0c790d | Response: GET /api/v1/health/ -> 200
2026-09-28 03:10:04 | INFO     | 2f0c790d | Request: POST /api/v1/search/initiate
2026-09-28 03:10:04 | ERROR    | req_1790 | Database transaction failed: verify_token() missing 1 required positional argument: 'token_type'
Traceback (most recent call last):
  File "C:\Users\Admin\PP\Chromos-Search\backend\app\core\database.py", line 103, in get_db
    yield session
  File "C:\Users\Admin\PP\Chromos-Search\venv\Lib\site-packages\fastapi\routing.py", line 144, in app
    response = await f(request)
               ^^^^^^^^^^^^^^^^
  File "C:\Users\Admin\PP\Chromos-Search\venv\Lib\site-packages\fastapi\routing.py", line 481, in app
    solved_result = await solve_dependencies(
                    ^^^^^^^^^^^^^^^^^^^^^^^^^
  File "C:\Users\Admin\PP\Chromos-Search\venv\Lib\site-packages\fastapi\dependencies\utils.py", line 640, in solve_dependencies
    solved_result = await solve_dependencies(
                    ^^^^^^^^^^^^^^^^^^^^^^^^^
  File "C:\Users\Admin\PP\Chromos-Search\venv\Lib\site-packages\fastapi\dependencies\utils.py", line 640, in solve_dependencies
    solved_result = await solve_dependencies(
                    ^^^^^^^^^^^^^^^^^^^^^^^^^
  File "C:\Users\Admin\PP\Chromos-Search\venv\Lib\site-packages\fastapi\dependencies\utils.py", line 674, in solve_dependencies
    solved = await call(**solved_result.values)
             ^^^^^^^^^^^^^^^^^^^^^^^^^^^^^^^^^^
  File "C:\Users\Admin\PP\Chromos-Search\backend\app\api\v1\deps.py", line 25, in __call__
    payload = verify_token(credentials.credentials)
              ^^^^^^^^^^^^^^^^^^^^^^^^^^^^^^^^^^^^^
TypeError: verify_token() missing 1 required positional argument: 'token_type'
2026-09-28 03:10:04 | ERROR    | 2f0c790d | Unhandled exception: verify_token() missing 1 required positional argument: 'token_type'
  + Exception Group Traceback (most recent call last):
  |   File "C:\Users\Admin\PP\Chromos-Search\venv\Lib\site-packages\starlette\_utils.py", line 85, in create_collapsing_task_group
  |     async with anyio.create_task_group() as tg:
  |   File "C:\Users\Admin\PP\Chromos-Search\venv\Lib\site-packages\anyio\_backends\_asyncio.py", line 815, in __aexit__
  |     raise BaseExceptionGroup(
  | ExceptionGroup: unhandled errors in a TaskGroup (1 sub-exception)
  +-+---------------- 1 ----------------
    | Traceback (most recent call last):
    |   File "C:\Users\Admin\PP\Chromos-Search\venv\Lib\site-packages\starlette\middleware\errors.py", line 164, in __call__
    |     await self.app(scope, receive, _send)
    |   File "C:\Users\Admin\PP\Chromos-Search\venv\Lib\site-packages\starlette\middleware\base.py", line 193, in __call__
    |     response = await self.dispatch_func(request, call_next)
    |                ^^^^^^^^^^^^^^^^^^^^^^^^^^^^^^^^^^^^^^^^^^^^
    |   File "C:\Users\Admin\PP\Chromos-Search\backend\app\main.py", line 113, in log_requests
    |     response = await call_next(request)
    |                ^^^^^^^^^^^^^^^^^^^^^^^^
    |   File "C:\Users\Admin\PP\Chromos-Search\venv\Lib\site-packages\starlette\middleware\base.py", line 168, in call_next
    |     raise app_exc from app_exc.__cause__ or app_exc.__context__
    |   File "C:\Users\Admin\PP\Chromos-Search\venv\Lib\site-packages\starlette\middleware\base.py", line 144, in coro
    |     await self.app(scope, receive_or_disconnect, send_no_error)
    |   File "C:\Users\Admin\PP\Chromos-Search\venv\Lib\site-packages\starlette\middleware\base.py", line 193, in __call__
    |     response = await self.dispatch_func(request, call_next)
    |                ^^^^^^^^^^^^^^^^^^^^^^^^^^^^^^^^^^^^^^^^^^^^
    |   File "C:\Users\Admin\PP\Chromos-Search\backend\app\main.py", line 91, in add_request_id
    |     response = await call_next(request)
    |                ^^^^^^^^^^^^^^^^^^^^^^^^
    |   File "C:\Users\Admin\PP\Chromos-Search\venv\Lib\site-packages\starlette\middleware\base.py", line 168, in call_next
    |     raise app_exc from app_exc.__cause__ or app_exc.__context__
    |   File "C:\Users\Admin\PP\Chromos-Search\venv\Lib\site-packages\starlette\middleware\base.py", line 144, in coro
    |     await self.app(scope, receive_or_disconnect, send_no_error)
    |   File "C:\Users\Admin\PP\Chromos-Search\venv\Lib\site-packages\starlette\middleware\trustedhost.py", line 36, in __call__
    |     await self.app(scope, receive, send)
    |   File "C:\Users\Admin\PP\Chromos-Search\venv\Lib\site-packages\starlette\middleware\cors.py", line 96, in __call__
    |     await self.simple_response(scope, receive, send, request_headers=headers)
    |   File "C:\Users\Admin\PP\Chromos-Search\venv\Lib\site-packages\starlette\middleware\cors.py", line 154, in simple_response
    |     await self.app(scope, receive, send)
    |   File "C:\Users\Admin\PP\Chromos-Search\venv\Lib\site-packages\starlette\middleware\exceptions.py", line 63, in __call__
    |     await wrap_app_handling_exceptions(self.app, conn)(scope, receive, send)
    |   File "C:\Users\Admin\PP\Chromos-Search\venv\Lib\site-packages\starlette\_exception_handler.py", line 53, in wrapped_app
    |     raise exc
    |   File "C:\Users\Admin\PP\Chromos-Search\venv\Lib\site-packages\starlette\_exception_handler.py", line 42, in wrapped_app
    |     await app(scope, receive, sender)
    |   File "C:\Users\Admin\PP\Chromos-Search\venv\Lib\site-packages\fastapi\middleware\asyncexitstack.py", line 18, in __call__
    |     await self.app(scope, receive, send)
    |   File "C:\Users\Admin\PP\Chromos-Search\venv\Lib\site-packages\starlette\routing.py", line 670, in __call__
    |     await self.middleware_stack(scope, receive, send)
    |   File "C:\Users\Admin\PP\Chromos-Search\venv\Lib\site-packages\fastapi\routing.py", line 2734, in app
    |     await route.handle(scope, receive, send)
    |   File "C:\Users\Admin\PP\Chromos-Search\venv\Lib\site-packages\fastapi\routing.py", line 1780, in handle
    |     await self.original_router.handle(scope, receive, send)
    |   File "C:\Users\Admin\PP\Chromos-Search\venv\Lib\site-packages\fastapi\routing.py", line 2789, in handle
    |     await included_router._handle_selected(scope, receive, send)
    |   File "C:\Users\Admin\PP\Chromos-Search\venv\Lib\site-packages\fastapi\routing.py", line 1791, in _handle_selected
    |     await route.handle(scope, receive, send)
    |   File "C:\Users\Admin\PP\Chromos-Search\venv\Lib\site-packages\fastapi\routing.py", line 1780, in handle
    |     await self.original_router.handle(scope, receive, send)
    |   File "C:\Users\Admin\PP\Chromos-Search\venv\Lib\site-packages\fastapi\routing.py", line 2789, in handle
    |     await included_router._handle_selected(scope, receive, send)
    |   File "C:\Users\Admin\PP\Chromos-Search\venv\Lib\site-packages\fastapi\routing.py", line 1800, in _handle_selected
    |     await original_route.handle(scope, receive, send)
    |   File "C:\Users\Admin\PP\Chromos-Search\venv\Lib\site-packages\fastapi\routing.py", line 1279, in handle
    |     await app(scope, receive, send)
    |   File "C:\Users\Admin\PP\Chromos-Search\venv\Lib\site-packages\fastapi\routing.py", line 158, in app
    |     await wrap_app_handling_exceptions(app, request)(scope, receive, send)
    |   File "C:\Users\Admin\PP\Chromos-Search\venv\Lib\site-packages\starlette\_exception_handler.py", line 53, in wrapped_app
    |     raise exc
    |   File "C:\Users\Admin\PP\Chromos-Search\venv\Lib\site-packages\starlette\_exception_handler.py", line 42, in wrapped_app
    |     await app(scope, receive, sender)
    |   File "C:\Users\Admin\PP\Chromos-Search\venv\Lib\site-packages\fastapi\routing.py", line 144, in app
    |     response = await f(request)
    |                ^^^^^^^^^^^^^^^^
    |   File "C:\Users\Admin\PP\Chromos-Search\venv\Lib\site-packages\fastapi\routing.py", line 481, in app
    |     solved_result = await solve_dependencies(
    |                     ^^^^^^^^^^^^^^^^^^^^^^^^^
    |   File "C:\Users\Admin\PP\Chromos-Search\venv\Lib\site-packages\fastapi\dependencies\utils.py", line 640, in solve_dependencies
    |     solved_result = await solve_dependencies(
    |                     ^^^^^^^^^^^^^^^^^^^^^^^^^
    |   File "C:\Users\Admin\PP\Chromos-Search\venv\Lib\site-packages\fastapi\dependencies\utils.py", line 640, in solve_dependencies
    |     solved_result = await solve_dependencies(
    |                     ^^^^^^^^^^^^^^^^^^^^^^^^^
    |   File "C:\Users\Admin\PP\Chromos-Search\venv\Lib\site-packages\fastapi\dependencies\utils.py", line 674, in solve_dependencies
    |     solved = await call(**solved_result.values)
    |              ^^^^^^^^^^^^^^^^^^^^^^^^^^^^^^^^^^
    |   File "C:\Users\Admin\PP\Chromos-Search\backend\app\api\v1\deps.py", line 25, in __call__
    |     payload = verify_token(credentials.credentials)
    |               ^^^^^^^^^^^^^^^^^^^^^^^^^^^^^^^^^^^^^
    | TypeError: verify_token() missing 1 required positional argument: 'token_type'
    +------------------------------------

The above exception was the direct cause of the following exception:

Traceback (most recent call last):
  File "C:\Users\Admin\PP\Chromos-Search\venv\Lib\site-packages\starlette\middleware\errors.py", line 164, in __call__
    await self.app(scope, receive, _send)
  File "C:\Users\Admin\PP\Chromos-Search\venv\Lib\site-packages\starlette\middleware\base.py", line 193, in __call__
    response = await self.dispatch_func(request, call_next)
               ^^^^^^^^^^^^^^^^^^^^^^^^^^^^^^^^^^^^^^^^^^^^
  File "C:\Users\Admin\PP\Chromos-Search\backend\app\main.py", line 113, in log_requests
    response = await call_next(request)
               ^^^^^^^^^^^^^^^^^^^^^^^^
  File "C:\Users\Admin\PP\Chromos-Search\venv\Lib\site-packages\starlette\middleware\base.py", line 168, in call_next
    raise app_exc from app_exc.__cause__ or app_exc.__context__
  File "C:\Users\Admin\PP\Chromos-Search\venv\Lib\site-packages\starlette\middleware\base.py", line 144, in coro
    await self.app(scope, receive_or_disconnect, send_no_error)
  File "C:\Users\Admin\PP\Chromos-Search\venv\Lib\site-packages\starlette\middleware\base.py", line 193, in __call__
    response = await self.dispatch_func(request, call_next)
               ^^^^^^^^^^^^^^^^^^^^^^^^^^^^^^^^^^^^^^^^^^^^
  File "C:\Users\Admin\PP\Chromos-Search\backend\app\main.py", line 91, in add_request_id
    response = await call_next(request)
               ^^^^^^^^^^^^^^^^^^^^^^^^
  File "C:\Users\Admin\PP\Chromos-Search\venv\Lib\site-packages\starlette\middleware\base.py", line 168, in call_next
    raise app_exc from app_exc.__cause__ or app_exc.__context__
  File "C:\Users\Admin\PP\Chromos-Search\venv\Lib\site-packages\starlette\middleware\base.py", line 144, in coro
    await self.app(scope, receive_or_disconnect, send_no_error)
  File "C:\Users\Admin\PP\Chromos-Search\venv\Lib\site-packages\starlette\middleware\trustedhost.py", line 36, in __call__
    await self.app(scope, receive, send)
  File "C:\Users\Admin\PP\Chromos-Search\venv\Lib\site-packages\starlette\middleware\cors.py", line 96, in __call__
    await self.simple_response(scope, receive, send, request_headers=headers)
  File "C:\Users\Admin\PP\Chromos-Search\venv\Lib\site-packages\starlette\middleware\cors.py", line 154, in simple_response
    await self.app(scope, receive, send)
  File "C:\Users\Admin\PP\Chromos-Search\venv\Lib\site-packages\starlette\middleware\exceptions.py", line 63, in __call__
    await wrap_app_handling_exceptions(self.app, conn)(scope, receive, send)
  File "C:\Users\Admin\PP\Chromos-Search\venv\Lib\site-packages\starlette\_exception_handler.py", line 53, in wrapped_app
    raise exc
  File "C:\Users\Admin\PP\Chromos-Search\venv\Lib\site-packages\starlette\_exception_handler.py", line 42, in wrapped_app
    await app(scope, receive, sender)
  File "C:\Users\Admin\PP\Chromos-Search\venv\Lib\site-packages\fastapi\middleware\asyncexitstack.py", line 18, in __call__
    await self.app(scope, receive, send)
  File "C:\Users\Admin\PP\Chromos-Search\venv\Lib\site-packages\starlette\routing.py", line 670, in __call__
    await self.middleware_stack(scope, receive, send)
  File "C:\Users\Admin\PP\Chromos-Search\venv\Lib\site-packages\fastapi\routing.py", line 2734, in app
    await route.handle(scope, receive, send)
  File "C:\Users\Admin\PP\Chromos-Search\venv\Lib\site-packages\fastapi\routing.py", line 1780, in handle
    await self.original_router.handle(scope, receive, send)
  File "C:\Users\Admin\PP\Chromos-Search\venv\Lib\site-packages\fastapi\routing.py", line 2789, in handle
    await included_router._handle_selected(scope, receive, send)
  File "C:\Users\Admin\PP\Chromos-Search\venv\Lib\site-packages\fastapi\routing.py", line 1791, in _handle_selected
    await route.handle(scope, receive, send)
  File "C:\Users\Admin\PP\Chromos-Search\venv\Lib\site-packages\fastapi\routing.py", line 1780, in handle
    await self.original_router.handle(scope, receive, send)
  File "C:\Users\Admin\PP\Chromos-Search\venv\Lib\site-packages\fastapi\routing.py", line 2789, in handle
    await included_router._handle_selected(scope, receive, send)
  File "C:\Users\Admin\PP\Chromos-Search\venv\Lib\site-packages\fastapi\routing.py", line 1800, in _handle_selected
    await original_route.handle(scope, receive, send)
  File "C:\Users\Admin\PP\Chromos-Search\venv\Lib\site-packages\fastapi\routing.py", line 1279, in handle
    await app(scope, receive, send)
  File "C:\Users\Admin\PP\Chromos-Search\venv\Lib\site-packages\fastapi\routing.py", line 158, in app
    await wrap_app_handling_exceptions(app, request)(scope, receive, send)
  File "C:\Users\Admin\PP\Chromos-Search\venv\Lib\site-packages\starlette\_exception_handler.py", line 53, in wrapped_app
    raise exc
  File "C:\Users\Admin\PP\Chromos-Search\venv\Lib\site-packages\starlette\_exception_handler.py", line 42, in wrapped_app
    await app(scope, receive, sender)
  File "C:\Users\Admin\PP\Chromos-Search\venv\Lib\site-packages\fastapi\routing.py", line 144, in app
    response = await f(request)
               ^^^^^^^^^^^^^^^^
  File "C:\Users\Admin\PP\Chromos-Search\venv\Lib\site-packages\fastapi\routing.py", line 481, in app
    solved_result = await solve_dependencies(
                    ^^^^^^^^^^^^^^^^^^^^^^^^^
  File "C:\Users\Admin\PP\Chromos-Search\venv\Lib\site-packages\fastapi\dependencies\utils.py", line 640, in solve_dependencies
    solved_result = await solve_dependencies(
                    ^^^^^^^^^^^^^^^^^^^^^^^^^
  File "C:\Users\Admin\PP\Chromos-Search\venv\Lib\site-packages\fastapi\dependencies\utils.py", line 640, in solve_dependencies
    solved_result = await solve_dependencies(
                    ^^^^^^^^^^^^^^^^^^^^^^^^^
  File "C:\Users\Admin\PP\Chromos-Search\venv\Lib\site-packages\fastapi\dependencies\utils.py", line 674, in solve_dependencies
    solved = await call(**solved_result.values)
             ^^^^^^^^^^^^^^^^^^^^^^^^^^^^^^^^^^
  File "C:\Users\Admin\PP\Chromos-Search\backend\app\api\v1\deps.py", line 25, in __call__
    payload = verify_token(credentials.credentials)
              ^^^^^^^^^^^^^^^^^^^^^^^^^^^^^^^^^^^^^
TypeError: verify_token() missing 1 required positional argument: 'token_type'
2026-09-28 03:10:34 | INFO     | 2f0c790d | Request: GET /api/v1/health
2026-09-28 03:10:34 | INFO     | 2f0c790d | Response: GET /api/v1/health -> 307
2026-09-28 03:10:34 | INFO     | 2f0c790d | Request: GET /api/v1/health/
2026-09-28 03:10:34 | INFO     | 2f0c790d | Response: GET /api/v1/health/ -> 200
2026-09-28 03:11:04 | INFO     | 2f0c790d | Request: GET /api/v1/health
2026-09-28 03:11:04 | INFO     | 2f0c790d | Response: GET /api/v1/health -> 307
2026-09-28 03:11:04 | INFO     | 2f0c790d | Request: GET /api/v1/health/
2026-09-28 03:11:04 | INFO     | 2f0c790d | Response: GET /api/v1/health/ -> 200
2026-09-28 03:11:30 | INFO     | 2f0c790d | 🛑 Chronos Search Engine shutting down...
2026-09-28 03:11:30 | INFO     | 2f0c790d | ✅ Database connections closed
2026-09-28 03:11:32 | INFO     | e71a4c9f | 🔌 Creating async database engine for localhost:5432/chronos
2026-09-28 03:11:32 | INFO     | e71a4c9f | ✅ Database engine created successfully
2026-09-28 03:11:32 | INFO     | e71a4c9f | 🚀 Starting Chronos Search Engine v3.0.0-masterpiece
2026-09-28 03:11:32 | INFO     | e71a4c9f | Environment: production
2026-09-28 03:11:32 | INFO     | e71a4c9f | Debug mode: True
2026-09-28 03:11:33 | INFO     | e71a4c9f | ✅ Database initialized successfully
2026-09-28 03:11:33 | INFO     | e71a4c9f | ✅ Database initialized
2026-09-28 03:11:33 | INFO     | e71a4c9f | ✅ Database health: healthy
2026-09-28 03:11:35 | INFO     | e71a4c9f | ✅ Redis connection established
2026-09-28 03:11:35 | INFO     | e71a4c9f | ✅ Chronos Search Engine is ready!
2026-09-28 03:11:35 | INFO     | e71a4c9f | 📍 API: http://localhost:8000/api/v1
2026-09-28 03:11:35 | INFO     | e71a4c9f | 📍 Docs: http://localhost:8000/docs
2026-09-28 03:11:37 | INFO     | e71a4c9f | 🛑 Chronos Search Engine shutting down...
2026-09-28 03:11:37 | INFO     | e71a4c9f | ✅ Database connections closed
2026-09-28 03:11:39 | INFO     | ac662e89 | 🔌 Creating async database engine for localhost:5432/chronos
2026-09-28 03:11:39 | INFO     | ac662e89 | ✅ Database engine created successfully
2026-09-28 03:11:40 | INFO     | ac662e89 | 🚀 Starting Chronos Search Engine v3.0.0-masterpiece
2026-09-28 03:11:40 | INFO     | ac662e89 | Environment: production
2026-09-28 03:11:40 | INFO     | ac662e89 | Debug mode: True
2026-09-28 03:11:40 | INFO     | ac662e89 | ✅ Database initialized successfully
2026-09-28 03:11:40 | INFO     | ac662e89 | ✅ Database initialized
2026-09-28 03:11:40 | INFO     | ac662e89 | ✅ Database health: healthy
2026-09-28 03:11:42 | INFO     | ac662e89 | ✅ Redis connection established
2026-09-28 03:11:42 | INFO     | ac662e89 | ✅ Chronos Search Engine is ready!
2026-09-28 03:11:42 | INFO     | ac662e89 | 📍 API: http://localhost:8000/api/v1
2026-09-28 03:11:42 | INFO     | ac662e89 | 📍 Docs: http://localhost:8000/docs
2026-09-28 03:11:42 | INFO     | ac662e89 | 🛑 Chronos Search Engine shutting down...
2026-09-28 03:11:42 | INFO     | ac662e89 | ✅ Database connections closed
2026-09-28 03:11:43 | INFO     | ca55f46f | 🔌 Creating async database engine for localhost:5432/chronos
2026-09-28 03:11:43 | INFO     | ca55f46f | ✅ Database engine created successfully
2026-09-28 03:11:44 | INFO     | ca55f46f | 🚀 Starting Chronos Search Engine v3.0.0-masterpiece
2026-09-28 03:11:44 | INFO     | ca55f46f | Environment: production
2026-09-28 03:11:44 | INFO     | ca55f46f | Debug mode: True
2026-09-28 03:11:44 | INFO     | ca55f46f | ✅ Database initialized successfully
2026-09-28 03:11:44 | INFO     | ca55f46f | ✅ Database initialized
2026-09-28 03:11:44 | INFO     | ca55f46f | ✅ Database health: healthy
2026-09-28 03:11:46 | INFO     | ca55f46f | ✅ Redis connection established
2026-09-28 03:11:46 | INFO     | ca55f46f | ✅ Chronos Search Engine is ready!
2026-09-28 03:11:46 | INFO     | ca55f46f | 📍 API: http://localhost:8000/api/v1
2026-09-28 03:11:46 | INFO     | ca55f46f | 📍 Docs: http://localhost:8000/docs
2026-09-28 03:11:54 | INFO     | 3b3f81c6 | 🔌 Creating async database engine for localhost:5432/chronos
2026-09-28 03:11:55 | INFO     | 3b3f81c6 | ✅ Database engine created successfully
2026-09-28 03:11:55 | ERROR    | 3b3f81c6 | Database transaction failed: (sqlalchemy.dialects.postgresql.asyncpg.Error) <class 'asyncpg.exceptions.DataError'>: invalid input for query argument $1: 'test-user' (invalid UUID 'test-user': length must be between 32..36 characters, got 9)
[SQL: SELECT users.id, users.email, users.username, users.hashed_password, users.salt, users.full_name, users.avatar_url, users.bio, users.phone_number, users.is_active, users.is_verified, users.verification_token, users.verification_token_expires, users.role, users.permissions, users.is_premium, users.premium_until, users.premium_features, users.rate_limit_override, users.daily_search_limit, users.searches_today, users.last_search_reset, users.preferences, users.created_at, users.updated_at, users.last_login_at, users.last_seen_at, users.deleted_at, users.oauth_google_id, users.oauth_github_id, users.oauth_microsoft_id, users.oauth_providers, users.oauth_last_login, users.oauth_profile_data, users.has_password, users.is_oauth_only 
FROM users 
WHERE users.id = $1::UUID]
[parameters: ('test-user',)]
(Background on this error at: https://sqlalche.me/e/20/dbapi)
Traceback (most recent call last):
  File "asyncpg/protocol/prepared_stmt.pyx", line 175, in asyncpg.protocol.protocol.PreparedStatementState._encode_bind_msg
  File "asyncpg/protocol/codecs/base.pyx", line 251, in asyncpg.protocol.protocol.Codec.encode
  File "asyncpg/protocol/codecs/base.pyx", line 153, in asyncpg.protocol.protocol.Codec.encode_scalar
  File "asyncpg/pgproto/codecs/uuid.pyx", line 16, in asyncpg.pgproto.pgproto.uuid_encode
  File "asyncpg/pgproto/uuid.pyx", line 88, in asyncpg.pgproto.pgproto.pg_uuid_bytes_from_str
ValueError: invalid UUID 'test-user': length must be between 32..36 characters, got 9

The above exception was the direct cause of the following exception:

Traceback (most recent call last):
  File "C:\Users\Admin\PP\Chromos-Search\venv\Lib\site-packages\sqlalchemy\dialects\postgresql\asyncpg.py", line 550, in _prepare_and_execute
    self._rows = deque(await prepared_stmt.fetch(*parameters))
                       ^^^^^^^^^^^^^^^^^^^^^^^^^^^^^^^^^^^^^^
  File "C:\Users\Admin\PP\Chromos-Search\venv\Lib\site-packages\asyncpg\prepared_stmt.py", line 177, in fetch
    data = await self.__bind_execute(args, 0, timeout)
           ^^^^^^^^^^^^^^^^^^^^^^^^^^^^^^^^^^^^^^^^^^^
  File "C:\Users\Admin\PP\Chromos-Search\venv\Lib\site-packages\asyncpg\prepared_stmt.py", line 268, in __bind_execute
    data, status, _ = await self.__do_execute(
                      ^^^^^^^^^^^^^^^^^^^^^^^^
  File "C:\Users\Admin\PP\Chromos-Search\venv\Lib\site-packages\asyncpg\prepared_stmt.py", line 257, in __do_execute
    return await executor(protocol)
           ^^^^^^^^^^^^^^^^^^^^^^^^
  File "asyncpg/protocol/protocol.pyx", line 184, in bind_execute
  File "asyncpg/protocol/prepared_stmt.pyx", line 204, in asyncpg.protocol.protocol.PreparedStatementState._encode_bind_msg
asyncpg.exceptions.DataError: invalid input for query argument $1: 'test-user' (invalid UUID 'test-user': length must be between 32..36 characters, got 9)

The above exception was the direct cause of the following exception:

Traceback (most recent call last):
  File "C:\Users\Admin\PP\Chromos-Search\venv\Lib\site-packages\sqlalchemy\engine\base.py", line 1969, in _exec_single_context
    self.dialect.do_execute(
  File "C:\Users\Admin\PP\Chromos-Search\venv\Lib\site-packages\sqlalchemy\engine\default.py", line 952, in do_execute
    cursor.execute(statement, parameters)
  File "C:\Users\Admin\PP\Chromos-Search\venv\Lib\site-packages\sqlalchemy\dialects\postgresql\asyncpg.py", line 585, in execute
    self._adapt_connection.await_(
  File "C:\Users\Admin\PP\Chromos-Search\venv\Lib\site-packages\sqlalchemy\util\_concurrency_py3k.py", line 132, in await_only
    return current.parent.switch(awaitable)  # type: ignore[no-any-return,attr-defined] # noqa: E501
           ^^^^^^^^^^^^^^^^^^^^^^^^^^^^^^^^
  File "C:\Users\Admin\PP\Chromos-Search\venv\Lib\site-packages\sqlalchemy\util\_concurrency_py3k.py", line 196, in greenlet_spawn
    value = await result
            ^^^^^^^^^^^^
  File "C:\Users\Admin\PP\Chromos-Search\venv\Lib\site-packages\sqlalchemy\dialects\postgresql\asyncpg.py", line 563, in _prepare_and_execute
    self._handle_exception(error)
  File "C:\Users\Admin\PP\Chromos-Search\venv\Lib\site-packages\sqlalchemy\dialects\postgresql\asyncpg.py", line 513, in _handle_exception
    self._adapt_connection._handle_exception(error)
  File "C:\Users\Admin\PP\Chromos-Search\venv\Lib\site-packages\sqlalchemy\dialects\postgresql\asyncpg.py", line 797, in _handle_exception
    raise translated_error from error
sqlalchemy.dialects.postgresql.asyncpg.AsyncAdapt_asyncpg_dbapi.Error: <class 'asyncpg.exceptions.DataError'>: invalid input for query argument $1: 'test-user' (invalid UUID 'test-user': length must be between 32..36 characters, got 9)

The above exception was the direct cause of the following exception:

Traceback (most recent call last):
  File "C:\Users\Admin\PP\Chromos-Search\backend\app\core\database.py", line 103, in get_db
    yield session
  File "C:\Users\Admin\PP\Chromos-Search\venv\Lib\site-packages\fastapi\routing.py", line 144, in app
    response = await f(request)
               ^^^^^^^^^^^^^^^^
  File "C:\Users\Admin\PP\Chromos-Search\venv\Lib\site-packages\fastapi\routing.py", line 481, in app
    solved_result = await solve_dependencies(
                    ^^^^^^^^^^^^^^^^^^^^^^^^^
  File "C:\Users\Admin\PP\Chromos-Search\venv\Lib\site-packages\fastapi\dependencies\utils.py", line 640, in solve_dependencies
    solved_result = await solve_dependencies(
                    ^^^^^^^^^^^^^^^^^^^^^^^^^
  File "C:\Users\Admin\PP\Chromos-Search\venv\Lib\site-packages\fastapi\dependencies\utils.py", line 674, in solve_dependencies
    solved = await call(**solved_result.values)
             ^^^^^^^^^^^^^^^^^^^^^^^^^^^^^^^^^^
  File "C:\Users\Admin\PP\Chromos-Search\backend\app\api\v1\deps.py", line 50, in get_current_user
    result = await db.execute(stmt)
             ^^^^^^^^^^^^^^^^^^^^^^
  File "C:\Users\Admin\PP\Chromos-Search\venv\Lib\site-packages\sqlalchemy\ext\asyncio\session.py", line 448, in execute
    result = await greenlet_spawn(
             ^^^^^^^^^^^^^^^^^^^^^
  File "C:\Users\Admin\PP\Chromos-Search\venv\Lib\site-packages\sqlalchemy\util\_concurrency_py3k.py", line 201, in greenlet_spawn
    result = context.throw(*sys.exc_info())
             ^^^^^^^^^^^^^^^^^^^^^^^^^^^^^^
  File "C:\Users\Admin\PP\Chromos-Search\venv\Lib\site-packages\sqlalchemy\orm\session.py", line 2373, in execute
    return self._execute_internal(
           ^^^^^^^^^^^^^^^^^^^^^^^
  File "C:\Users\Admin\PP\Chromos-Search\venv\Lib\site-packages\sqlalchemy\orm\session.py", line 2271, in _execute_internal
    result: Result[Any] = compile_state_cls.orm_execute_statement(
                          ^^^^^^^^^^^^^^^^^^^^^^^^^^^^^^^^^^^^^^^^
  File "C:\Users\Admin\PP\Chromos-Search\venv\Lib\site-packages\sqlalchemy\orm\context.py", line 306, in orm_execute_statement
    result = conn.execute(
             ^^^^^^^^^^^^^
  File "C:\Users\Admin\PP\Chromos-Search\venv\Lib\site-packages\sqlalchemy\engine\base.py", line 1421, in execute
    return meth(
           ^^^^^
  File "C:\Users\Admin\PP\Chromos-Search\venv\Lib\site-packages\sqlalchemy\sql\elements.py", line 526, in _execute_on_connection
    return connection._execute_clauseelement(
           ^^^^^^^^^^^^^^^^^^^^^^^^^^^^^^^^^^
  File "C:\Users\Admin\PP\Chromos-Search\venv\Lib\site-packages\sqlalchemy\engine\base.py", line 1643, in _execute_clauseelement
    ret = self._execute_context(
          ^^^^^^^^^^^^^^^^^^^^^^
  File "C:\Users\Admin\PP\Chromos-Search\venv\Lib\site-packages\sqlalchemy\engine\base.py", line 1848, in _execute_context
    return self._exec_single_context(
           ^^^^^^^^^^^^^^^^^^^^^^^^^^
  File "C:\Users\Admin\PP\Chromos-Search\venv\Lib\site-packages\sqlalchemy\engine\base.py", line 1988, in _exec_single_context
    self._handle_dbapi_exception(
  File "C:\Users\Admin\PP\Chromos-Search\venv\Lib\site-packages\sqlalchemy\engine\base.py", line 2365, in _handle_dbapi_exception
    raise sqlalchemy_exception.with_traceback(exc_info[2]) from e
  File "C:\Users\Admin\PP\Chromos-Search\venv\Lib\site-packages\sqlalchemy\engine\base.py", line 1969, in _exec_single_context
    self.dialect.do_execute(
  File "C:\Users\Admin\PP\Chromos-Search\venv\Lib\site-packages\sqlalchemy\engine\default.py", line 952, in do_execute
    cursor.execute(statement, parameters)
  File "C:\Users\Admin\PP\Chromos-Search\venv\Lib\site-packages\sqlalchemy\dialects\postgresql\asyncpg.py", line 585, in execute
    self._adapt_connection.await_(
  File "C:\Users\Admin\PP\Chromos-Search\venv\Lib\site-packages\sqlalchemy\util\_concurrency_py3k.py", line 132, in await_only
    return current.parent.switch(awaitable)  # type: ignore[no-any-return,attr-defined] # noqa: E501
           ^^^^^^^^^^^^^^^^^^^^^^^^^^^^^^^^
  File "C:\Users\Admin\PP\Chromos-Search\venv\Lib\site-packages\sqlalchemy\util\_concurrency_py3k.py", line 196, in greenlet_spawn
    value = await result
            ^^^^^^^^^^^^
  File "C:\Users\Admin\PP\Chromos-Search\venv\Lib\site-packages\sqlalchemy\dialects\postgresql\asyncpg.py", line 563, in _prepare_and_execute
    self._handle_exception(error)
  File "C:\Users\Admin\PP\Chromos-Search\venv\Lib\site-packages\sqlalchemy\dialects\postgresql\asyncpg.py", line 513, in _handle_exception
    self._adapt_connection._handle_exception(error)
  File "C:\Users\Admin\PP\Chromos-Search\venv\Lib\site-packages\sqlalchemy\dialects\postgresql\asyncpg.py", line 797, in _handle_exception
    raise translated_error from error
sqlalchemy.exc.DBAPIError: (sqlalchemy.dialects.postgresql.asyncpg.Error) <class 'asyncpg.exceptions.DataError'>: invalid input for query argument $1: 'test-user' (invalid UUID 'test-user': length must be between 32..36 characters, got 9)
[SQL: SELECT users.id, users.email, users.username, users.hashed_password, users.salt, users.full_name, users.avatar_url, users.bio, users.phone_number, users.is_active, users.is_verified, users.verification_token, users.verification_token_expires, users.role, users.permissions, users.is_premium, users.premium_until, users.premium_features, users.rate_limit_override, users.daily_search_limit, users.searches_today, users.last_search_reset, users.preferences, users.created_at, users.updated_at, users.last_login_at, users.last_seen_at, users.deleted_at, users.oauth_google_id, users.oauth_github_id, users.oauth_microsoft_id, users.oauth_providers, users.oauth_last_login, users.oauth_profile_data, users.has_password, users.is_oauth_only 
FROM users 
WHERE users.id = $1::UUID]
[parameters: ('test-user',)]
(Background on this error at: https://sqlalche.me/e/20/dbapi)
2026-09-28 03:11:57 | ERROR    | 3b3f81c6 | Database transaction failed: 401: Could not validate credentials
Traceback (most recent call last):
  File "C:\Users\Admin\PP\Chromos-Search\venv\Lib\site-packages\jose\jws.py", line 180, in _load
    signing_input, crypto_segment = jwt.rsplit(b".", 1)
    ^^^^^^^^^^^^^^^^^^^^^^^^^^^^^
ValueError: not enough values to unpack (expected 2, got 1)

During handling of the above exception, another exception occurred:

Traceback (most recent call last):
  File "C:\Users\Admin\PP\Chromos-Search\venv\Lib\site-packages\jose\jwt.py", line 159, in decode
    payload = jws.verify(token, key, algorithms, verify=verify_signature)
              ^^^^^^^^^^^^^^^^^^^^^^^^^^^^^^^^^^^^^^^^^^^^^^^^^^^^^^^^^^^
  File "C:\Users\Admin\PP\Chromos-Search\venv\Lib\site-packages\jose\jws.py", line 74, in verify
    header, payload, signing_input, signature = _load(token)
                                                ^^^^^^^^^^^^
  File "C:\Users\Admin\PP\Chromos-Search\venv\Lib\site-packages\jose\jws.py", line 184, in _load
    raise JWSError("Not enough segments")
jose.exceptions.JWSError: Not enough segments

During handling of the above exception, another exception occurred:

Traceback (most recent call last):
  File "C:\Users\Admin\PP\Chromos-Search\backend\app\core\security.py", line 72, in decode_token
    payload = jwt.decode(
              ^^^^^^^^^^^
  File "C:\Users\Admin\PP\Chromos-Search\venv\Lib\site-packages\jose\jwt.py", line 161, in decode
    raise JWTError(e)
jose.exceptions.JWTError: Not enough segments

During handling of the above exception, another exception occurred:

Traceback (most recent call last):
  File "C:\Users\Admin\PP\Chromos-Search\backend\app\core\database.py", line 103, in get_db
    yield session
  File "C:\Users\Admin\PP\Chromos-Search\venv\Lib\site-packages\fastapi\routing.py", line 144, in app
    response = await f(request)
               ^^^^^^^^^^^^^^^^
  File "C:\Users\Admin\PP\Chromos-Search\venv\Lib\site-packages\fastapi\routing.py", line 481, in app
    solved_result = await solve_dependencies(
                    ^^^^^^^^^^^^^^^^^^^^^^^^^
  File "C:\Users\Admin\PP\Chromos-Search\venv\Lib\site-packages\fastapi\dependencies\utils.py", line 640, in solve_dependencies
    solved_result = await solve_dependencies(
                    ^^^^^^^^^^^^^^^^^^^^^^^^^
  File "C:\Users\Admin\PP\Chromos-Search\venv\Lib\site-packages\fastapi\dependencies\utils.py", line 640, in solve_dependencies
    solved_result = await solve_dependencies(
                    ^^^^^^^^^^^^^^^^^^^^^^^^^
  File "C:\Users\Admin\PP\Chromos-Search\venv\Lib\site-packages\fastapi\dependencies\utils.py", line 674, in solve_dependencies
    solved = await call(**solved_result.values)
             ^^^^^^^^^^^^^^^^^^^^^^^^^^^^^^^^^^
  File "C:\Users\Admin\PP\Chromos-Search\backend\app\api\v1\deps.py", line 25, in __call__
    payload = verify_token(credentials.credentials, "access")
              ^^^^^^^^^^^^^^^^^^^^^^^^^^^^^^^^^^^^^^^^^^^^^^^
  File "C:\Users\Admin\PP\Chromos-Search\backend\app\core\security.py", line 87, in verify_token
    payload = decode_token(token)
              ^^^^^^^^^^^^^^^^^^^
  File "C:\Users\Admin\PP\Chromos-Search\backend\app\core\security.py", line 80, in decode_token
    raise HTTPException(
fastapi.exceptions.HTTPException: 401: Could not validate credentials
2026-09-28 03:11:57 | ERROR    | 3b3f81c6 | Database transaction failed: 401: Not authenticated
Traceback (most recent call last):
  File "C:\Users\Admin\PP\Chromos-Search\backend\app\core\database.py", line 103, in get_db
    yield session
  File "C:\Users\Admin\PP\Chromos-Search\venv\Lib\site-packages\fastapi\routing.py", line 144, in app
    response = await f(request)
               ^^^^^^^^^^^^^^^^
  File "C:\Users\Admin\PP\Chromos-Search\venv\Lib\site-packages\fastapi\routing.py", line 481, in app
    solved_result = await solve_dependencies(
                    ^^^^^^^^^^^^^^^^^^^^^^^^^
  File "C:\Users\Admin\PP\Chromos-Search\venv\Lib\site-packages\fastapi\dependencies\utils.py", line 640, in solve_dependencies
    solved_result = await solve_dependencies(
                    ^^^^^^^^^^^^^^^^^^^^^^^^^
  File "C:\Users\Admin\PP\Chromos-Search\venv\Lib\site-packages\fastapi\dependencies\utils.py", line 640, in solve_dependencies
    solved_result = await solve_dependencies(
                    ^^^^^^^^^^^^^^^^^^^^^^^^^
  File "C:\Users\Admin\PP\Chromos-Search\venv\Lib\site-packages\fastapi\dependencies\utils.py", line 674, in solve_dependencies
    solved = await call(**solved_result.values)
             ^^^^^^^^^^^^^^^^^^^^^^^^^^^^^^^^^^
  File "C:\Users\Admin\PP\Chromos-Search\backend\app\api\v1\deps.py", line 16, in __call__
    credentials:HTTPAuthorizationCredentials = await super().__call__(request)
                                               ^^^^^^^^^^^^^^^^^^^^^^^^^^^^^^^
  File "C:\Users\Admin\PP\Chromos-Search\venv\Lib\site-packages\fastapi\security\http.py", line 308, in __call__
    raise self.make_not_authenticated_error()
fastapi.exceptions.HTTPException: 401: Not authenticated
2026-09-28 03:11:57 | ERROR    | 3b3f81c6 | Database transaction failed: 401: Not authenticated
Traceback (most recent call last):
  File "C:\Users\Admin\PP\Chromos-Search\backend\app\core\database.py", line 103, in get_db
    yield session
  File "C:\Users\Admin\PP\Chromos-Search\venv\Lib\site-packages\fastapi\routing.py", line 144, in app
    response = await f(request)
               ^^^^^^^^^^^^^^^^
  File "C:\Users\Admin\PP\Chromos-Search\venv\Lib\site-packages\fastapi\routing.py", line 481, in app
    solved_result = await solve_dependencies(
                    ^^^^^^^^^^^^^^^^^^^^^^^^^
  File "C:\Users\Admin\PP\Chromos-Search\venv\Lib\site-packages\fastapi\dependencies\utils.py", line 640, in solve_dependencies
    solved_result = await solve_dependencies(
                    ^^^^^^^^^^^^^^^^^^^^^^^^^
  File "C:\Users\Admin\PP\Chromos-Search\venv\Lib\site-packages\fastapi\dependencies\utils.py", line 640, in solve_dependencies
    solved_result = await solve_dependencies(
                    ^^^^^^^^^^^^^^^^^^^^^^^^^
  File "C:\Users\Admin\PP\Chromos-Search\venv\Lib\site-packages\fastapi\dependencies\utils.py", line 674, in solve_dependencies
    solved = await call(**solved_result.values)
             ^^^^^^^^^^^^^^^^^^^^^^^^^^^^^^^^^^
  File "C:\Users\Admin\PP\Chromos-Search\backend\app\api\v1\deps.py", line 16, in __call__
    credentials:HTTPAuthorizationCredentials = await super().__call__(request)
                                               ^^^^^^^^^^^^^^^^^^^^^^^^^^^^^^^
  File "C:\Users\Admin\PP\Chromos-Search\venv\Lib\site-packages\fastapi\security\http.py", line 308, in __call__
    raise self.make_not_authenticated_error()
fastapi.exceptions.HTTPException: 401: Not authenticated
2026-09-28 03:12:05 | INFO     | ca55f46f | Request: GET /api/v1/health
2026-09-28 03:12:05 | INFO     | ca55f46f | Response: GET /api/v1/health -> 307
2026-09-28 03:12:05 | INFO     | ca55f46f | Request: GET /api/v1/health/
2026-09-28 03:12:05 | INFO     | ca55f46f | Response: GET /api/v1/health/ -> 200
2026-09-28 03:12:18 | INFO     | ca55f46f | 🛑 Chronos Search Engine shutting down...
2026-09-28 03:12:18 | INFO     | ca55f46f | ✅ Database connections closed
2026-09-28 03:12:19 | INFO     | ed768a8b | 🔌 Creating async database engine for localhost:5432/chronos
2026-09-28 03:12:19 | INFO     | ed768a8b | ✅ Database engine created successfully
2026-09-28 03:12:20 | INFO     | ed768a8b | 🚀 Starting Chronos Search Engine v3.0.0-masterpiece
2026-09-28 03:12:20 | INFO     | ed768a8b | Environment: production
2026-09-28 03:12:20 | INFO     | ed768a8b | Debug mode: True
2026-09-28 03:12:20 | INFO     | ed768a8b | ✅ Database initialized successfully
2026-09-28 03:12:20 | INFO     | ed768a8b | ✅ Database initialized
2026-09-28 03:12:20 | INFO     | ed768a8b | ✅ Database health: healthy
2026-09-28 03:12:22 | INFO     | ed768a8b | ✅ Redis connection established
2026-09-28 03:12:22 | INFO     | ed768a8b | ✅ Chronos Search Engine is ready!
2026-09-28 03:12:22 | INFO     | ed768a8b | 📍 API: http://localhost:8000/api/v1
2026-09-28 03:12:22 | INFO     | ed768a8b | 📍 Docs: http://localhost:8000/docs
2026-09-28 03:12:24 | INFO     | ed768a8b | 🛑 Chronos Search Engine shutting down...
2026-09-28 03:12:24 | INFO     | ed768a8b | ✅ Database connections closed
2026-09-28 03:12:26 | INFO     | 7aa9c61b | 🔌 Creating async database engine for localhost:5432/chronos
2026-09-28 03:12:26 | INFO     | 7aa9c61b | ✅ Database engine created successfully
2026-09-28 03:12:26 | INFO     | 7aa9c61b | 🚀 Starting Chronos Search Engine v3.0.0-masterpiece
2026-09-28 03:12:26 | INFO     | 7aa9c61b | Environment: production
2026-09-28 03:12:26 | INFO     | 7aa9c61b | Debug mode: True
2026-09-28 03:12:27 | INFO     | 7aa9c61b | ✅ Database initialized successfully
2026-09-28 03:12:27 | INFO     | 7aa9c61b | ✅ Database initialized
2026-09-28 03:12:27 | INFO     | 7aa9c61b | ✅ Database health: healthy
2026-09-28 03:12:29 | INFO     | 7aa9c61b | ✅ Redis connection established
2026-09-28 03:12:29 | INFO     | 7aa9c61b | ✅ Chronos Search Engine is ready!
2026-09-28 03:12:29 | INFO     | 7aa9c61b | 📍 API: http://localhost:8000/api/v1
2026-09-28 03:12:29 | INFO     | 7aa9c61b | 📍 Docs: http://localhost:8000/docs
2026-09-28 03:12:29 | INFO     | 755439be | 🔌 Creating async database engine for localhost:5432/chronos
2026-09-28 03:12:29 | INFO     | 755439be | ✅ Database engine created successfully
2026-09-28 03:12:51 | INFO     | 7aa9c61b | 🛑 Chronos Search Engine shutting down...
2026-09-28 03:12:51 | INFO     | 7aa9c61b | ✅ Database connections closed
2026-09-28 03:12:53 | INFO     | cf4eca07 | 🔌 Creating async database engine for localhost:5432/chronos
2026-09-28 03:12:53 | INFO     | cf4eca07 | ✅ Database engine created successfully
2026-09-28 03:12:53 | INFO     | cf4eca07 | 🚀 Starting Chronos Search Engine v3.0.0-masterpiece
2026-09-28 03:12:53 | INFO     | cf4eca07 | Environment: production
2026-09-28 03:12:53 | INFO     | cf4eca07 | Debug mode: True
2026-09-28 03:12:54 | INFO     | cf4eca07 | ✅ Database initialized successfully
2026-09-28 03:12:54 | INFO     | cf4eca07 | ✅ Database initialized
2026-09-28 03:12:54 | INFO     | cf4eca07 | ✅ Database health: healthy
2026-09-28 03:12:56 | INFO     | cf4eca07 | ✅ Redis connection established
2026-09-28 03:12:56 | INFO     | cf4eca07 | ✅ Chronos Search Engine is ready!
2026-09-28 03:12:56 | INFO     | cf4eca07 | 📍 API: http://localhost:8000/api/v1
2026-09-28 03:12:56 | INFO     | cf4eca07 | 📍 Docs: http://localhost:8000/docs
2026-09-28 03:12:57 | INFO     | cf4eca07 | 🛑 Chronos Search Engine shutting down...
2026-09-28 03:12:57 | INFO     | cf4eca07 | ✅ Database connections closed
2026-09-28 03:12:59 | INFO     | aa6f9a79 | 🔌 Creating async database engine for localhost:5432/chronos
2026-09-28 03:12:59 | INFO     | aa6f9a79 | ✅ Database engine created successfully
2026-09-28 03:13:00 | INFO     | aa6f9a79 | 🚀 Starting Chronos Search Engine v3.0.0-masterpiece
2026-09-28 03:13:00 | INFO     | aa6f9a79 | Environment: production
2026-09-28 03:13:00 | INFO     | aa6f9a79 | Debug mode: True
2026-09-28 03:13:00 | INFO     | aa6f9a79 | ✅ Database initialized successfully
2026-09-28 03:13:00 | INFO     | aa6f9a79 | ✅ Database initialized
2026-09-28 03:13:00 | INFO     | aa6f9a79 | ✅ Database health: healthy
2026-09-28 03:13:02 | INFO     | 925f421d | 🔌 Creating async database engine for localhost:5432/chronos
2026-09-28 03:13:02 | INFO     | 925f421d | ✅ Database engine created successfully
2026-09-28 03:13:02 | INFO     | aa6f9a79 | ✅ Redis connection established
2026-09-28 03:13:02 | INFO     | aa6f9a79 | ✅ Chronos Search Engine is ready!
2026-09-28 03:13:02 | INFO     | aa6f9a79 | 📍 API: http://localhost:8000/api/v1
2026-09-28 03:13:02 | INFO     | aa6f9a79 | 📍 Docs: http://localhost:8000/docs
2026-09-28 03:13:05 | INFO     | aa6f9a79 | Request: GET /api/v1/health
2026-09-28 03:13:05 | INFO     | aa6f9a79 | Response: GET /api/v1/health -> 307
2026-09-28 03:13:05 | INFO     | aa6f9a79 | Request: GET /api/v1/health/
2026-09-28 03:13:05 | INFO     | aa6f9a79 | Response: GET /api/v1/health/ -> 200
2026-09-28 03:13:34 | INFO     | aa6f9a79 | Request: POST /api/v1/search/initiate
2026-09-28 03:13:34 | INFO     | aa6f9a79 | Response: POST /api/v1/search/initiate -> 400
2026-09-28 03:13:39 | INFO     | 9814754d | 🔌 Creating async database engine for localhost:5432/chronos
2026-09-28 03:13:39 | INFO     | 9814754d | ✅ Database engine created successfully
2026-09-28 03:13:40 | INFO     | 9814754d | User registered: newuser@example.com
2026-09-28 03:13:40 | INFO     | 9814754d | User logged in: newuser@example.com
2026-09-28 03:13:41 | INFO     | 9814754d | User registered: httpuser@example.com
2026-09-28 03:13:41 | INFO     | 9814754d | User logged in: httpuser@example.com
2026-09-28 03:13:41 | INFO     | 9814754d | User logged in: httpuser@example.com
2026-09-28 03:14:00 | INFO     | aa6f9a79 | Request: POST /api/v1/search/initiate
2026-09-28 03:14:00 | ERROR    | f946bd4e | Database transaction failed: user not found
Traceback (most recent call last):
  File "C:\Users\Admin\PP\Chromos-Search\backend\app\core\database.py", line 103, in get_db
    yield session
  File "C:\Users\Admin\PP\Chromos-Search\venv\Lib\site-packages\fastapi\routing.py", line 144, in app
    response = await f(request)
               ^^^^^^^^^^^^^^^^
  File "C:\Users\Admin\PP\Chromos-Search\venv\Lib\site-packages\fastapi\routing.py", line 481, in app
    solved_result = await solve_dependencies(
                    ^^^^^^^^^^^^^^^^^^^^^^^^^
  File "C:\Users\Admin\PP\Chromos-Search\venv\Lib\site-packages\fastapi\dependencies\utils.py", line 640, in solve_dependencies
    solved_result = await solve_dependencies(
                    ^^^^^^^^^^^^^^^^^^^^^^^^^
  File "C:\Users\Admin\PP\Chromos-Search\venv\Lib\site-packages\fastapi\dependencies\utils.py", line 674, in solve_dependencies
    solved = await call(**solved_result.values)
             ^^^^^^^^^^^^^^^^^^^^^^^^^^^^^^^^^^
  File "C:\Users\Admin\PP\Chromos-Search\backend\app\api\v1\deps.py", line 54, in get_current_user
    raise UnauthorizedException(message="user not found")
app.core.exceptions.UnauthorizedException: user not found
2026-09-28 03:14:00 | INFO     | aa6f9a79 | Response: POST /api/v1/search/initiate -> 401
2026-09-28 03:14:05 | INFO     | aa6f9a79 | Request: GET /api/v1/health
2026-09-28 03:14:05 | INFO     | aa6f9a79 | Response: GET /api/v1/health -> 307
2026-09-28 03:14:05 | INFO     | aa6f9a79 | Request: GET /api/v1/health/
2026-09-28 03:14:05 | INFO     | aa6f9a79 | Response: GET /api/v1/health/ -> 200
2026-09-28 03:14:36 | INFO     | aa6f9a79 | 🛑 Chronos Search Engine shutting down...
2026-09-28 03:14:36 | INFO     | aa6f9a79 | ✅ Database connections closed
2026-09-28 03:14:42 | INFO     | 7a4ed8f1 | 🔌 Creating async database engine for localhost:5432/chronos
2026-09-28 03:14:42 | INFO     | 7a4ed8f1 | ✅ Database engine created successfully
2026-09-28 03:14:42 | INFO     | 7a4ed8f1 | 🚀 Starting Chronos Search Engine v3.0.0-masterpiece
2026-09-28 03:14:42 | INFO     | 7a4ed8f1 | Environment: production
2026-09-28 03:14:42 | INFO     | 7a4ed8f1 | Debug mode: True
2026-09-28 03:14:43 | INFO     | 7a4ed8f1 | ✅ Database initialized successfully
2026-09-28 03:14:43 | INFO     | 7a4ed8f1 | ✅ Database initialized
2026-09-28 03:14:43 | INFO     | 7a4ed8f1 | ✅ Database health: healthy
2026-09-28 03:14:45 | INFO     | 7a4ed8f1 | ✅ Redis connection established
2026-09-28 03:14:45 | INFO     | 7a4ed8f1 | ✅ Chronos Search Engine is ready!
2026-09-28 03:14:45 | INFO     | 7a4ed8f1 | 📍 API: http://localhost:8000/api/v1
2026-09-28 03:14:45 | INFO     | 7a4ed8f1 | 📍 Docs: http://localhost:8000/docs
2026-09-28 03:15:05 | INFO     | 7a4ed8f1 | Request: GET /api/v1/health
2026-09-28 03:15:05 | INFO     | 7a4ed8f1 | Response: GET /api/v1/health -> 307
2026-09-28 03:15:05 | INFO     | 7a4ed8f1 | Request: GET /api/v1/health/
2026-09-28 03:15:05 | INFO     | 7a4ed8f1 | Response: GET /api/v1/health/ -> 200
2026-09-28 03:16:01 | INFO     | 7a4ed8f1 | Request: GET /api/v1/health
2026-09-28 03:16:01 | INFO     | 7a4ed8f1 | Response: GET /api/v1/health -> 307
2026-09-28 03:16:01 | INFO     | 7a4ed8f1 | Request: GET /api/v1/health/
2026-09-28 03:16:01 | INFO     | 7a4ed8f1 | Response: GET /api/v1/health/ -> 200
2026-09-28 03:16:04 | INFO     | 7a4ed8f1 | Request: GET /api/v1/health
2026-09-28 03:16:04 | INFO     | 7a4ed8f1 | Response: GET /api/v1/health -> 307
2026-09-28 03:16:04 | INFO     | 7a4ed8f1 | Request: GET /api/v1/health/
2026-09-28 03:16:04 | INFO     | 7a4ed8f1 | Response: GET /api/v1/health/ -> 200
2026-09-28 03:16:34 | INFO     | 7a4ed8f1 | Request: GET /api/v1/health
2026-09-28 03:16:34 | INFO     | 7a4ed8f1 | Response: GET /api/v1/health -> 307
2026-09-28 03:16:34 | INFO     | 7a4ed8f1 | Request: GET /api/v1/health/
2026-09-28 03:16:34 | INFO     | 7a4ed8f1 | Response: GET /api/v1/health/ -> 200
2026-09-28 03:17:05 | INFO     | 7a4ed8f1 | Request: GET /api/v1/health
2026-09-28 03:17:05 | INFO     | 7a4ed8f1 | Response: GET /api/v1/health -> 307
2026-09-28 03:17:05 | INFO     | 7a4ed8f1 | Request: GET /api/v1/health/
2026-09-28 03:17:05 | INFO     | 7a4ed8f1 | Response: GET /api/v1/health/ -> 200
2026-09-28 03:17:10 | INFO     | 7a4ed8f1 | Request: GET /api/v1/health
2026-09-28 03:17:10 | INFO     | 7a4ed8f1 | Response: GET /api/v1/health -> 307
2026-09-28 03:17:10 | INFO     | 7a4ed8f1 | Request: GET /api/v1/health
2026-09-28 03:17:10 | INFO     | 7a4ed8f1 | Response: GET /api/v1/health -> 307
2026-09-28 03:17:10 | INFO     | 7a4ed8f1 | Request: GET /api/v1/health/
2026-09-28 03:17:10 | INFO     | 7a4ed8f1 | Response: GET /api/v1/health/ -> 200
2026-09-28 03:17:10 | INFO     | 7a4ed8f1 | Request: GET /api/v1/health/
2026-09-28 03:17:10 | INFO     | 7a4ed8f1 | Response: GET /api/v1/health/ -> 200
2026-09-28 03:17:19 | INFO     | 7a4ed8f1 | Request: OPTIONS /api/v1/search/initiate
2026-09-28 03:17:19 | INFO     | 7a4ed8f1 | Response: OPTIONS /api/v1/search/initiate -> 200
2026-09-28 03:17:19 | INFO     | 7a4ed8f1 | Request: POST /api/v1/search/initiate
2026-09-28 03:17:19 | ERROR    | req_1790 | Database transaction failed: 401: Could not validate credentials
Traceback (most recent call last):
  File "C:\Users\Admin\PP\Chromos-Search\backend\app\core\security.py", line 72, in decode_token
    payload = jwt.decode(
              ^^^^^^^^^^^
  File "C:\Users\Admin\PP\Chromos-Search\venv\Lib\site-packages\jose\jwt.py", line 174, in decode
    _validate_claims(
  File "C:\Users\Admin\PP\Chromos-Search\venv\Lib\site-packages\jose\jwt.py", line 497, in _validate_claims
    _validate_exp(claims, leeway=leeway)
  File "C:\Users\Admin\PP\Chromos-Search\venv\Lib\site-packages\jose\jwt.py", line 331, in _validate_exp
    raise ExpiredSignatureError("Signature has expired.")
jose.exceptions.ExpiredSignatureError: Signature has expired.

During handling of the above exception, another exception occurred:

Traceback (most recent call last):
  File "C:\Users\Admin\PP\Chromos-Search\backend\app\core\database.py", line 103, in get_db
    yield session
  File "C:\Users\Admin\PP\Chromos-Search\venv\Lib\site-packages\fastapi\routing.py", line 144, in app
    response = await f(request)
               ^^^^^^^^^^^^^^^^
  File "C:\Users\Admin\PP\Chromos-Search\venv\Lib\site-packages\fastapi\routing.py", line 481, in app
    solved_result = await solve_dependencies(
                    ^^^^^^^^^^^^^^^^^^^^^^^^^
  File "C:\Users\Admin\PP\Chromos-Search\venv\Lib\site-packages\fastapi\dependencies\utils.py", line 640, in solve_dependencies
    solved_result = await solve_dependencies(
                    ^^^^^^^^^^^^^^^^^^^^^^^^^
  File "C:\Users\Admin\PP\Chromos-Search\venv\Lib\site-packages\fastapi\dependencies\utils.py", line 640, in solve_dependencies
    solved_result = await solve_dependencies(
                    ^^^^^^^^^^^^^^^^^^^^^^^^^
  File "C:\Users\Admin\PP\Chromos-Search\venv\Lib\site-packages\fastapi\dependencies\utils.py", line 674, in solve_dependencies
    solved = await call(**solved_result.values)
             ^^^^^^^^^^^^^^^^^^^^^^^^^^^^^^^^^^
  File "C:\Users\Admin\PP\Chromos-Search\backend\app\api\v1\deps.py", line 25, in __call__
    payload = verify_token(credentials.credentials, "access")
              ^^^^^^^^^^^^^^^^^^^^^^^^^^^^^^^^^^^^^^^^^^^^^^^
  File "C:\Users\Admin\PP\Chromos-Search\backend\app\core\security.py", line 87, in verify_token
    payload = decode_token(token)
              ^^^^^^^^^^^^^^^^^^^
  File "C:\Users\Admin\PP\Chromos-Search\backend\app\core\security.py", line 80, in decode_token
    raise HTTPException(
fastapi.exceptions.HTTPException: 401: Could not validate credentials
2026-09-28 03:17:19 | INFO     | 7a4ed8f1 | Response: POST /api/v1/search/initiate -> 401
2026-09-28 03:17:19 | INFO     | 7a4ed8f1 | Request: OPTIONS /api/v1/auth/refresh
2026-09-28 03:17:19 | INFO     | 7a4ed8f1 | Response: OPTIONS /api/v1/auth/refresh -> 200
2026-09-28 03:17:19 | INFO     | req_1790 | Request: POST /api/v1/auth/refresh
2026-09-28 03:17:19 | INFO     | req_1790 | Response: POST /api/v1/auth/refresh -> 200
2026-09-28 03:17:19 | INFO     | req_1790 | Request: POST /api/v1/search/initiate
2026-09-28 03:17:19 | ERROR    | req_1790 | Database transaction failed: 501: The search API is reachable, but image/video embedding and matching are not implemented on this backend yet. No search was started.
Traceback (most recent call last):
  File "C:\Users\Admin\PP\Chromos-Search\backend\app\core\database.py", line 103, in get_db
    yield session
  File "C:\Users\Admin\PP\Chromos-Search\venv\Lib\site-packages\fastapi\routing.py", line 144, in app
    response = await f(request)
               ^^^^^^^^^^^^^^^^
  File "C:\Users\Admin\PP\Chromos-Search\venv\Lib\site-packages\fastapi\routing.py", line 706, in app
    raw_response = await run_endpoint_function(
                   ^^^^^^^^^^^^^^^^^^^^^^^^^^^^
  File "C:\Users\Admin\PP\Chromos-Search\venv\Lib\site-packages\fastapi\routing.py", line 352, in run_endpoint_function
    return await dependant.call(**values)
           ^^^^^^^^^^^^^^^^^^^^^^^^^^^^^^
  File "C:\Users\Admin\PP\Chromos-Search\backend\app\api\v1\endpoints\search.py", line 24, in initiate_search
    raise HTTPException(
fastapi.exceptions.HTTPException: 501: The search API is reachable, but image/video embedding and matching are not implemented on this backend yet. No search was started.
2026-09-28 03:17:19 | INFO     | req_1790 | Response: POST /api/v1/search/initiate -> 501
2026-09-28 03:17:20 | INFO     | req_1790 | Request: POST /api/v1/search/initiate
2026-09-28 03:17:20 | ERROR    | req_1790 | Database transaction failed: 501: The search API is reachable, but image/video embedding and matching are not implemented on this backend yet. No search was started.
Traceback (most recent call last):
  File "C:\Users\Admin\PP\Chromos-Search\backend\app\core\database.py", line 103, in get_db
    yield session
  File "C:\Users\Admin\PP\Chromos-Search\venv\Lib\site-packages\fastapi\routing.py", line 144, in app
    response = await f(request)
               ^^^^^^^^^^^^^^^^
  File "C:\Users\Admin\PP\Chromos-Search\venv\Lib\site-packages\fastapi\routing.py", line 706, in app
    raw_response = await run_endpoint_function(
                   ^^^^^^^^^^^^^^^^^^^^^^^^^^^^
  File "C:\Users\Admin\PP\Chromos-Search\venv\Lib\site-packages\fastapi\routing.py", line 352, in run_endpoint_function
    return await dependant.call(**values)
           ^^^^^^^^^^^^^^^^^^^^^^^^^^^^^^
  File "C:\Users\Admin\PP\Chromos-Search\backend\app\api\v1\endpoints\search.py", line 24, in initiate_search
    raise HTTPException(
fastapi.exceptions.HTTPException: 501: The search API is reachable, but image/video embedding and matching are not implemented on this backend yet. No search was started.
2026-09-28 03:17:20 | INFO     | req_1790 | Response: POST /api/v1/search/initiate -> 501
2026-09-28 03:17:40 | INFO     | 7a4ed8f1 | Request: GET /api/v1/health
2026-09-28 03:17:40 | INFO     | 7a4ed8f1 | Response: GET /api/v1/health -> 307
2026-09-28 03:17:40 | INFO     | 7a4ed8f1 | Request: GET /api/v1/health/
2026-09-28 03:17:40 | INFO     | 7a4ed8f1 | Response: GET /api/v1/health/ -> 200
2026-09-28 03:18:11 | INFO     | 7a4ed8f1 | Request: GET /api/v1/health
2026-09-28 03:18:11 | INFO     | 7a4ed8f1 | Response: GET /api/v1/health -> 307
2026-09-28 03:18:11 | INFO     | 7a4ed8f1 | Request: GET /api/v1/health/
2026-09-28 03:18:11 | INFO     | 7a4ed8f1 | Response: GET /api/v1/health/ -> 200
2026-09-28 03:18:41 | INFO     | 7a4ed8f1 | Request: GET /api/v1/health
2026-09-28 03:18:41 | INFO     | 7a4ed8f1 | Response: GET /api/v1/health -> 307
2026-09-28 03:18:41 | INFO     | 7a4ed8f1 | Request: GET /api/v1/health/
2026-09-28 03:18:41 | INFO     | 7a4ed8f1 | Response: GET /api/v1/health/ -> 200
2026-09-28 03:19:11 | INFO     | 7a4ed8f1 | Request: OPTIONS /api/v1/health
2026-09-28 03:19:11 | INFO     | 7a4ed8f1 | Response: OPTIONS /api/v1/health -> 200
2026-09-28 03:19:11 | INFO     | 7a4ed8f1 | Request: GET /api/v1/health
2026-09-28 03:19:11 | INFO     | 7a4ed8f1 | Response: GET /api/v1/health -> 307
2026-09-28 03:19:11 | INFO     | 7a4ed8f1 | Request: OPTIONS /api/v1/health/
2026-09-28 03:19:11 | INFO     | 7a4ed8f1 | Response: OPTIONS /api/v1/health/ -> 200
2026-09-28 03:19:11 | INFO     | 7a4ed8f1 | Request: GET /api/v1/health/
2026-09-28 03:19:11 | INFO     | 7a4ed8f1 | Response: GET /api/v1/health/ -> 200
2026-09-28 03:19:41 | INFO     | 7a4ed8f1 | Request: GET /api/v1/health
2026-09-28 03:19:41 | INFO     | 7a4ed8f1 | Response: GET /api/v1/health -> 307
2026-09-28 03:19:41 | INFO     | 7a4ed8f1 | Request: GET /api/v1/health/
2026-09-28 03:19:41 | INFO     | 7a4ed8f1 | Response: GET /api/v1/health/ -> 200
2026-09-28 03:20:11 | INFO     | 7a4ed8f1 | Request: GET /api/v1/health
2026-09-28 03:20:11 | INFO     | 7a4ed8f1 | Response: GET /api/v1/health -> 307
2026-09-28 03:20:11 | INFO     | 7a4ed8f1 | Request: GET /api/v1/health/
2026-09-28 03:20:11 | INFO     | 7a4ed8f1 | Response: GET /api/v1/health/ -> 200
2026-09-28 03:21:05 | INFO     | 7a4ed8f1 | Request: GET /api/v1/health
2026-09-28 03:21:05 | INFO     | 7a4ed8f1 | Response: GET /api/v1/health -> 307
2026-09-28 03:21:05 | INFO     | 7a4ed8f1 | Request: GET /api/v1/health/
2026-09-28 03:21:05 | INFO     | 7a4ed8f1 | Response: GET /api/v1/health/ -> 200
2026-09-28 03:22:05 | INFO     | 7a4ed8f1 | Request: GET /api/v1/health
2026-09-28 03:22:05 | INFO     | 7a4ed8f1 | Response: GET /api/v1/health -> 307
2026-09-28 03:22:05 | INFO     | 7a4ed8f1 | Request: GET /api/v1/health/
2026-09-28 03:22:05 | INFO     | 7a4ed8f1 | Response: GET /api/v1/health/ -> 200
2026-09-28 03:23:05 | INFO     | 7a4ed8f1 | Request: GET /api/v1/health
2026-09-28 03:23:05 | INFO     | 7a4ed8f1 | Response: GET /api/v1/health -> 307
2026-09-28 03:23:05 | INFO     | 7a4ed8f1 | Request: GET /api/v1/health/
2026-09-28 03:23:05 | INFO     | 7a4ed8f1 | Response: GET /api/v1/health/ -> 200
2026-09-28 03:24:05 | INFO     | 7a4ed8f1 | Request: GET /api/v1/health
2026-09-28 03:24:05 | INFO     | 7a4ed8f1 | Response: GET /api/v1/health -> 307
2026-09-28 03:24:05 | INFO     | 7a4ed8f1 | Request: GET /api/v1/health/
2026-09-28 03:24:05 | INFO     | 7a4ed8f1 | Response: GET /api/v1/health/ -> 200
2026-09-28 03:26:32 | INFO     | 7a4ed8f1 | Request: GET /api/v1/health
2026-09-28 03:26:32 | INFO     | 7a4ed8f1 | Response: GET /api/v1/health -> 307
2026-09-28 03:26:32 | INFO     | 7a4ed8f1 | Request: GET /api/v1/health/
2026-09-28 03:26:32 | INFO     | 7a4ed8f1 | Response: GET /api/v1/health/ -> 200
2026-09-28 03:26:34 | INFO     | 7a4ed8f1 | Request: GET /api/v1/health
2026-09-28 03:26:34 | INFO     | 7a4ed8f1 | Response: GET /api/v1/health -> 307
2026-09-28 03:26:34 | INFO     | 7a4ed8f1 | Request: GET /api/v1/health
2026-09-28 03:26:34 | INFO     | 7a4ed8f1 | Response: GET /api/v1/health -> 307
2026-09-28 03:26:34 | INFO     | 7a4ed8f1 | Request: GET /api/v1/health/
2026-09-28 03:26:34 | INFO     | 7a4ed8f1 | Response: GET /api/v1/health/ -> 200
2026-09-28 03:26:34 | INFO     | 7a4ed8f1 | Request: GET /api/v1/health/
2026-09-28 03:26:34 | INFO     | 7a4ed8f1 | Response: GET /api/v1/health/ -> 200
2026-09-28 03:27:04 | INFO     | 7a4ed8f1 | Request: GET /api/v1/health
2026-09-28 03:27:04 | INFO     | 7a4ed8f1 | Response: GET /api/v1/health -> 307
2026-09-28 03:27:04 | INFO     | 7a4ed8f1 | Request: GET /api/v1/health/
2026-09-28 03:27:04 | INFO     | 7a4ed8f1 | Response: GET /api/v1/health/ -> 200
2026-09-28 03:27:34 | INFO     | 7a4ed8f1 | Request: GET /api/v1/health
2026-09-28 03:27:34 | INFO     | 7a4ed8f1 | Response: GET /api/v1/health -> 307
2026-09-28 03:27:34 | INFO     | 7a4ed8f1 | Request: GET /api/v1/health/
2026-09-28 03:27:34 | INFO     | 7a4ed8f1 | Response: GET /api/v1/health/ -> 200
2026-09-28 03:28:04 | INFO     | 7a4ed8f1 | Request: GET /api/v1/health
2026-09-28 03:28:04 | INFO     | 7a4ed8f1 | Response: GET /api/v1/health -> 307
2026-09-28 03:28:04 | INFO     | 7a4ed8f1 | Request: GET /api/v1/health/
2026-09-28 03:28:04 | INFO     | 7a4ed8f1 | Response: GET /api/v1/health/ -> 200
2026-09-28 03:28:34 | INFO     | 7a4ed8f1 | Request: GET /api/v1/health
2026-09-28 03:28:34 | INFO     | 7a4ed8f1 | Response: GET /api/v1/health -> 307
2026-09-28 03:28:34 | INFO     | 7a4ed8f1 | Request: GET /api/v1/health/
2026-09-28 03:28:34 | INFO     | 7a4ed8f1 | Response: GET /api/v1/health/ -> 200
2026-09-28 03:29:04 | INFO     | 7a4ed8f1 | Request: GET /api/v1/health
2026-09-28 03:29:04 | INFO     | 7a4ed8f1 | Response: GET /api/v1/health -> 307
2026-09-28 03:29:04 | INFO     | 7a4ed8f1 | Request: GET /api/v1/health/
2026-09-28 03:29:04 | INFO     | 7a4ed8f1 | Response: GET /api/v1/health/ -> 200
2026-09-28 03:29:34 | INFO     | 7a4ed8f1 | Request: OPTIONS /api/v1/health
2026-09-28 03:29:34 | INFO     | 7a4ed8f1 | Response: OPTIONS /api/v1/health -> 200
2026-09-28 03:29:34 | INFO     | 7a4ed8f1 | Request: GET /api/v1/health
2026-09-28 03:29:34 | INFO     | 7a4ed8f1 | Response: GET /api/v1/health -> 307
2026-09-28 03:29:34 | INFO     | 7a4ed8f1 | Request: OPTIONS /api/v1/health/
2026-09-28 03:29:34 | INFO     | 7a4ed8f1 | Response: OPTIONS /api/v1/health/ -> 200
2026-09-28 03:29:34 | INFO     | 7a4ed8f1 | Request: GET /api/v1/health/
2026-09-28 03:29:34 | INFO     | 7a4ed8f1 | Response: GET /api/v1/health/ -> 200
2026-09-28 03:30:04 | INFO     | 7a4ed8f1 | Request: GET /api/v1/health
2026-09-28 03:30:04 | INFO     | 7a4ed8f1 | Response: GET /api/v1/health -> 307
2026-09-28 03:30:04 | INFO     | 7a4ed8f1 | Request: GET /api/v1/health/
2026-09-28 03:30:04 | INFO     | 7a4ed8f1 | Response: GET /api/v1/health/ -> 200
2026-09-28 03:30:34 | INFO     | 7a4ed8f1 | Request: GET /api/v1/health
2026-09-28 03:30:34 | INFO     | 7a4ed8f1 | Response: GET /api/v1/health -> 307
2026-09-28 03:30:34 | INFO     | 7a4ed8f1 | Request: GET /api/v1/health/
2026-09-28 03:30:34 | INFO     | 7a4ed8f1 | Response: GET /api/v1/health/ -> 200
2026-09-28 03:31:04 | INFO     | 7a4ed8f1 | Request: GET /api/v1/health
2026-09-28 03:31:04 | INFO     | 7a4ed8f1 | Response: GET /api/v1/health -> 307
2026-09-28 03:31:04 | INFO     | 7a4ed8f1 | Request: GET /api/v1/health/
2026-09-28 03:31:04 | INFO     | 7a4ed8f1 | Response: GET /api/v1/health/ -> 200
2026-09-28 03:31:34 | INFO     | 7a4ed8f1 | Request: GET /api/v1/health
2026-09-28 03:31:34 | INFO     | 7a4ed8f1 | Response: GET /api/v1/health -> 307
2026-09-28 03:31:34 | INFO     | 7a4ed8f1 | Request: GET /api/v1/health/
2026-09-28 03:31:34 | INFO     | 7a4ed8f1 | Response: GET /api/v1/health/ -> 200
2026-09-28 03:32:04 | INFO     | 7a4ed8f1 | Request: GET /api/v1/health
2026-09-28 03:32:04 | INFO     | 7a4ed8f1 | Response: GET /api/v1/health -> 307
2026-09-28 03:32:04 | INFO     | 7a4ed8f1 | Request: GET /api/v1/health/
2026-09-28 03:32:04 | INFO     | 7a4ed8f1 | Response: GET /api/v1/health/ -> 200
2026-09-28 03:32:34 | INFO     | 7a4ed8f1 | Request: GET /api/v1/health
2026-09-28 03:32:34 | INFO     | 7a4ed8f1 | Response: GET /api/v1/health -> 307
2026-09-28 03:32:34 | INFO     | 7a4ed8f1 | Request: GET /api/v1/health/
2026-09-28 03:32:34 | INFO     | 7a4ed8f1 | Response: GET /api/v1/health/ -> 200
2026-09-28 03:33:04 | INFO     | 7a4ed8f1 | Request: GET /api/v1/health
2026-09-28 03:33:04 | INFO     | 7a4ed8f1 | Response: GET /api/v1/health -> 307
2026-09-28 03:33:04 | INFO     | 7a4ed8f1 | Request: GET /api/v1/health/
2026-09-28 03:33:04 | INFO     | 7a4ed8f1 | Response: GET /api/v1/health/ -> 200
2026-09-28 03:33:34 | INFO     | 7a4ed8f1 | Request: GET /api/v1/health
2026-09-28 03:33:34 | INFO     | 7a4ed8f1 | Response: GET /api/v1/health -> 307
2026-09-28 03:33:34 | INFO     | 7a4ed8f1 | Request: GET /api/v1/health/
2026-09-28 03:33:34 | INFO     | 7a4ed8f1 | Response: GET /api/v1/health/ -> 200
2026-09-28 03:34:05 | INFO     | 7a4ed8f1 | Request: GET /api/v1/health
2026-09-28 03:34:05 | INFO     | 7a4ed8f1 | Response: GET /api/v1/health -> 307
2026-09-28 03:34:05 | INFO     | 7a4ed8f1 | Request: GET /api/v1/health/
2026-09-28 03:34:05 | INFO     | 7a4ed8f1 | Response: GET /api/v1/health/ -> 200
2026-09-28 03:35:05 | INFO     | 7a4ed8f1 | Request: GET /api/v1/health
2026-09-28 03:35:05 | INFO     | 7a4ed8f1 | Response: GET /api/v1/health -> 307
2026-09-28 03:35:05 | INFO     | 7a4ed8f1 | Request: GET /api/v1/health/
2026-09-28 03:35:05 | INFO     | 7a4ed8f1 | Response: GET /api/v1/health/ -> 200
2026-09-28 03:36:05 | INFO     | 7a4ed8f1 | Request: GET /api/v1/health
2026-09-28 03:36:05 | INFO     | 7a4ed8f1 | Response: GET /api/v1/health -> 307
2026-09-28 03:36:05 | INFO     | 7a4ed8f1 | Request: GET /api/v1/health/
2026-09-28 03:36:05 | INFO     | 7a4ed8f1 | Response: GET /api/v1/health/ -> 200
2026-09-28 03:37:05 | INFO     | 7a4ed8f1 | Request: GET /api/v1/health
2026-09-28 03:37:05 | INFO     | 7a4ed8f1 | Response: GET /api/v1/health -> 307
2026-09-28 03:37:05 | INFO     | 7a4ed8f1 | Request: GET /api/v1/health/
2026-09-28 03:37:05 | INFO     | 7a4ed8f1 | Response: GET /api/v1/health/ -> 200
2026-09-28 03:38:05 | INFO     | 7a4ed8f1 | Request: GET /api/v1/health
2026-09-28 03:38:05 | INFO     | 7a4ed8f1 | Response: GET /api/v1/health -> 307
2026-09-28 03:38:05 | INFO     | 7a4ed8f1 | Request: GET /api/v1/health/
2026-09-28 03:38:05 | INFO     | 7a4ed8f1 | Response: GET /api/v1/health/ -> 200
2026-09-28 03:39:05 | INFO     | 7a4ed8f1 | Request: GET /api/v1/health
2026-09-28 03:39:05 | INFO     | 7a4ed8f1 | Response: GET /api/v1/health -> 307
2026-09-28 03:39:05 | INFO     | 7a4ed8f1 | Request: GET /api/v1/health/
2026-09-28 03:39:05 | INFO     | 7a4ed8f1 | Response: GET /api/v1/health/ -> 200
2026-09-28 03:40:05 | INFO     | 7a4ed8f1 | Request: OPTIONS /api/v1/health
2026-09-28 03:40:05 | INFO     | 7a4ed8f1 | Response: OPTIONS /api/v1/health -> 200
2026-09-28 03:40:05 | INFO     | 7a4ed8f1 | Request: GET /api/v1/health
2026-09-28 03:40:05 | INFO     | 7a4ed8f1 | Response: GET /api/v1/health -> 307
2026-09-28 03:40:05 | INFO     | 7a4ed8f1 | Request: OPTIONS /api/v1/health/
2026-09-28 03:40:05 | INFO     | 7a4ed8f1 | Response: OPTIONS /api/v1/health/ -> 200
2026-09-28 03:40:05 | INFO     | 7a4ed8f1 | Request: GET /api/v1/health/
2026-09-28 03:40:05 | INFO     | 7a4ed8f1 | Response: GET /api/v1/health/ -> 200
2026-09-28 03:41:05 | INFO     | 7a4ed8f1 | Request: GET /api/v1/health
2026-09-28 03:41:05 | INFO     | 7a4ed8f1 | Response: GET /api/v1/health -> 307
2026-09-28 03:41:05 | INFO     | 7a4ed8f1 | Request: GET /api/v1/health/
2026-09-28 03:41:05 | INFO     | 7a4ed8f1 | Response: GET /api/v1/health/ -> 200
2026-09-28 03:42:05 | INFO     | 7a4ed8f1 | Request: GET /api/v1/health
2026-09-28 03:42:05 | INFO     | 7a4ed8f1 | Response: GET /api/v1/health -> 307
2026-09-28 03:42:05 | INFO     | 7a4ed8f1 | Request: GET /api/v1/health/
2026-09-28 03:42:05 | INFO     | 7a4ed8f1 | Response: GET /api/v1/health/ -> 200
2026-09-28 03:43:05 | INFO     | 7a4ed8f1 | Request: GET /api/v1/health
2026-09-28 03:43:05 | INFO     | 7a4ed8f1 | Response: GET /api/v1/health -> 307
2026-09-28 03:43:05 | INFO     | 7a4ed8f1 | Request: GET /api/v1/health/
2026-09-28 03:43:05 | INFO     | 7a4ed8f1 | Response: GET /api/v1/health/ -> 200
2026-09-28 03:44:05 | INFO     | 7a4ed8f1 | Request: GET /api/v1/health
2026-09-28 03:44:05 | INFO     | 7a4ed8f1 | Response: GET /api/v1/health -> 307
2026-09-28 03:44:05 | INFO     | 7a4ed8f1 | Request: GET /api/v1/health/
2026-09-28 03:44:05 | INFO     | 7a4ed8f1 | Response: GET /api/v1/health/ -> 200
2026-09-28 03:45:05 | INFO     | 7a4ed8f1 | Request: GET /api/v1/health
2026-09-28 03:45:05 | INFO     | 7a4ed8f1 | Response: GET /api/v1/health -> 307
2026-09-28 03:45:05 | INFO     | 7a4ed8f1 | Request: GET /api/v1/health/
2026-09-28 03:45:05 | INFO     | 7a4ed8f1 | Response: GET /api/v1/health/ -> 200
2026-09-28 03:46:05 | INFO     | 7a4ed8f1 | Request: GET /api/v1/health
2026-09-28 03:46:05 | INFO     | 7a4ed8f1 | Response: GET /api/v1/health -> 307
2026-09-28 03:46:05 | INFO     | 7a4ed8f1 | Request: GET /api/v1/health/
2026-09-28 03:46:05 | INFO     | 7a4ed8f1 | Response: GET /api/v1/health/ -> 200
2026-09-28 03:47:05 | INFO     | 7a4ed8f1 | Request: GET /api/v1/health
2026-09-28 03:47:05 | INFO     | 7a4ed8f1 | Response: GET /api/v1/health -> 307
2026-09-28 03:47:05 | INFO     | 7a4ed8f1 | Request: GET /api/v1/health/
2026-09-28 03:47:05 | INFO     | 7a4ed8f1 | Response: GET /api/v1/health/ -> 200
2026-09-28 03:48:05 | INFO     | 7a4ed8f1 | Request: GET /api/v1/health
2026-09-28 03:48:05 | INFO     | 7a4ed8f1 | Response: GET /api/v1/health -> 307
2026-09-28 03:48:05 | INFO     | 7a4ed8f1 | Request: GET /api/v1/health/
2026-09-28 03:48:05 | INFO     | 7a4ed8f1 | Response: GET /api/v1/health/ -> 200
2026-09-28 03:49:05 | INFO     | 7a4ed8f1 | Request: GET /api/v1/health
2026-09-28 03:49:05 | INFO     | 7a4ed8f1 | Response: GET /api/v1/health -> 307
2026-09-28 03:49:05 | INFO     | 7a4ed8f1 | Request: GET /api/v1/health/
2026-09-28 03:49:05 | INFO     | 7a4ed8f1 | Response: GET /api/v1/health/ -> 200
2026-09-28 03:50:05 | INFO     | 7a4ed8f1 | Request: GET /api/v1/health
2026-09-28 03:50:05 | INFO     | 7a4ed8f1 | Response: GET /api/v1/health -> 307
2026-09-28 03:50:05 | INFO     | 7a4ed8f1 | Request: GET /api/v1/health/
2026-09-28 03:50:05 | INFO     | 7a4ed8f1 | Response: GET /api/v1/health/ -> 200
2026-09-28 03:51:05 | INFO     | 7a4ed8f1 | Request: OPTIONS /api/v1/health
2026-09-28 03:51:05 | INFO     | 7a4ed8f1 | Response: OPTIONS /api/v1/health -> 200
2026-09-28 03:51:05 | INFO     | 7a4ed8f1 | Request: GET /api/v1/health
2026-09-28 03:51:05 | INFO     | 7a4ed8f1 | Response: GET /api/v1/health -> 307
2026-09-28 03:51:05 | INFO     | 7a4ed8f1 | Request: OPTIONS /api/v1/health/
2026-09-28 03:51:05 | INFO     | 7a4ed8f1 | Response: OPTIONS /api/v1/health/ -> 200
2026-09-28 03:51:05 | INFO     | 7a4ed8f1 | Request: GET /api/v1/health/
2026-09-28 03:51:05 | INFO     | 7a4ed8f1 | Response: GET /api/v1/health/ -> 200
2026-09-28 03:52:05 | INFO     | 7a4ed8f1 | Request: GET /api/v1/health
2026-09-28 03:52:05 | INFO     | 7a4ed8f1 | Response: GET /api/v1/health -> 307
2026-09-28 03:52:05 | INFO     | 7a4ed8f1 | Request: GET /api/v1/health/
2026-09-28 03:52:05 | INFO     | 7a4ed8f1 | Response: GET /api/v1/health/ -> 200
2026-09-28 03:53:05 | INFO     | 7a4ed8f1 | Request: GET /api/v1/health
2026-09-28 03:53:05 | INFO     | 7a4ed8f1 | Response: GET /api/v1/health -> 307
2026-09-28 03:53:05 | INFO     | 7a4ed8f1 | Request: GET /api/v1/health/
2026-09-28 03:53:05 | INFO     | 7a4ed8f1 | Response: GET /api/v1/health/ -> 200
2026-09-28 03:54:05 | INFO     | 7a4ed8f1 | Request: GET /api/v1/health
2026-09-28 03:54:05 | INFO     | 7a4ed8f1 | Response: GET /api/v1/health -> 307
2026-09-28 03:54:05 | INFO     | 7a4ed8f1 | Request: GET /api/v1/health/
2026-09-28 03:54:05 | INFO     | 7a4ed8f1 | Response: GET /api/v1/health/ -> 200
2026-09-28 03:55:05 | INFO     | 7a4ed8f1 | Request: GET /api/v1/health
2026-09-28 03:55:05 | INFO     | 7a4ed8f1 | Response: GET /api/v1/health -> 307
2026-09-28 03:55:05 | INFO     | 7a4ed8f1 | Request: GET /api/v1/health/
2026-09-28 03:55:05 | INFO     | 7a4ed8f1 | Response: GET /api/v1/health/ -> 200
2026-09-28 03:56:05 | INFO     | 7a4ed8f1 | Request: GET /api/v1/health
2026-09-28 03:56:05 | INFO     | 7a4ed8f1 | Response: GET /api/v1/health -> 307
2026-09-28 03:56:05 | INFO     | 7a4ed8f1 | Request: GET /api/v1/health/
2026-09-28 03:56:05 | INFO     | 7a4ed8f1 | Response: GET /api/v1/health/ -> 200
2026-09-28 03:57:05 | INFO     | 7a4ed8f1 | Request: GET /api/v1/health
2026-09-28 03:57:05 | INFO     | 7a4ed8f1 | Response: GET /api/v1/health -> 307
2026-09-28 03:57:05 | INFO     | 7a4ed8f1 | Request: GET /api/v1/health/
2026-09-28 03:57:05 | INFO     | 7a4ed8f1 | Response: GET /api/v1/health/ -> 200
2026-09-28 03:58:05 | INFO     | 7a4ed8f1 | Request: GET /api/v1/health
2026-09-28 03:58:05 | INFO     | 7a4ed8f1 | Response: GET /api/v1/health -> 307
2026-09-28 03:58:05 | INFO     | 7a4ed8f1 | Request: GET /api/v1/health/
2026-09-28 03:58:05 | INFO     | 7a4ed8f1 | Response: GET /api/v1/health/ -> 200
2026-09-28 03:59:05 | INFO     | 7a4ed8f1 | Request: GET /api/v1/health
2026-09-28 03:59:05 | INFO     | 7a4ed8f1 | Response: GET /api/v1/health -> 307
2026-09-28 03:59:05 | INFO     | 7a4ed8f1 | Request: GET /api/v1/health/
2026-09-28 03:59:05 | INFO     | 7a4ed8f1 | Response: GET /api/v1/health/ -> 200
2026-09-28 04:00:05 | INFO     | 7a4ed8f1 | Request: GET /api/v1/health
2026-09-28 04:00:05 | INFO     | 7a4ed8f1 | Response: GET /api/v1/health -> 307
2026-09-28 04:00:05 | INFO     | 7a4ed8f1 | Request: GET /api/v1/health/
2026-09-28 04:00:05 | INFO     | 7a4ed8f1 | Response: GET /api/v1/health/ -> 200
2026-09-28 04:01:05 | INFO     | 7a4ed8f1 | Request: GET /api/v1/health
2026-09-28 04:01:05 | INFO     | 7a4ed8f1 | Response: GET /api/v1/health -> 307
2026-09-28 04:01:05 | INFO     | 7a4ed8f1 | Request: GET /api/v1/health/
2026-09-28 04:01:05 | INFO     | 7a4ed8f1 | Response: GET /api/v1/health/ -> 200
2026-09-28 04:02:05 | INFO     | 7a4ed8f1 | Request: OPTIONS /api/v1/health
2026-09-28 04:02:05 | INFO     | 7a4ed8f1 | Response: OPTIONS /api/v1/health -> 200
2026-09-28 04:02:05 | INFO     | 7a4ed8f1 | Request: GET /api/v1/health
2026-09-28 04:02:05 | INFO     | 7a4ed8f1 | Response: GET /api/v1/health -> 307
2026-09-28 04:02:05 | INFO     | 7a4ed8f1 | Request: OPTIONS /api/v1/health/
2026-09-28 04:02:05 | INFO     | 7a4ed8f1 | Response: OPTIONS /api/v1/health/ -> 200
2026-09-28 04:02:05 | INFO     | 7a4ed8f1 | Request: GET /api/v1/health/
2026-09-28 04:02:05 | INFO     | 7a4ed8f1 | Response: GET /api/v1/health/ -> 200
2026-09-28 04:03:05 | INFO     | 7a4ed8f1 | Request: GET /api/v1/health
2026-09-28 04:03:05 | INFO     | 7a4ed8f1 | Response: GET /api/v1/health -> 307
2026-09-28 04:03:05 | INFO     | 7a4ed8f1 | Request: GET /api/v1/health/
2026-09-28 04:03:05 | INFO     | 7a4ed8f1 | Response: GET /api/v1/health/ -> 200
2026-09-28 04:04:05 | INFO     | 7a4ed8f1 | Request: GET /api/v1/health
2026-09-28 04:04:05 | INFO     | 7a4ed8f1 | Response: GET /api/v1/health -> 307
2026-09-28 04:04:05 | INFO     | 7a4ed8f1 | Request: GET /api/v1/health/
2026-09-28 04:04:05 | INFO     | 7a4ed8f1 | Response: GET /api/v1/health/ -> 200
2026-09-28 04:05:05 | INFO     | 7a4ed8f1 | Request: GET /api/v1/health
2026-09-28 04:05:05 | INFO     | 7a4ed8f1 | Response: GET /api/v1/health -> 307
2026-09-28 04:05:05 | INFO     | 7a4ed8f1 | Request: GET /api/v1/health/
2026-09-28 04:05:05 | INFO     | 7a4ed8f1 | Response: GET /api/v1/health/ -> 200
2026-09-28 04:06:05 | INFO     | 7a4ed8f1 | Request: GET /api/v1/health
2026-09-28 04:06:05 | INFO     | 7a4ed8f1 | Response: GET /api/v1/health -> 307
2026-09-28 04:06:05 | INFO     | 7a4ed8f1 | Request: GET /api/v1/health/
2026-09-28 04:06:05 | INFO     | 7a4ed8f1 | Response: GET /api/v1/health/ -> 200
2026-09-28 04:07:05 | INFO     | 7a4ed8f1 | Request: GET /api/v1/health
2026-09-28 04:07:05 | INFO     | 7a4ed8f1 | Response: GET /api/v1/health -> 307
2026-09-28 04:07:05 | INFO     | 7a4ed8f1 | Request: GET /api/v1/health/
2026-09-28 04:07:05 | INFO     | 7a4ed8f1 | Response: GET /api/v1/health/ -> 200
2026-09-28 04:08:05 | INFO     | 7a4ed8f1 | Request: GET /api/v1/health
2026-09-28 04:08:05 | INFO     | 7a4ed8f1 | Response: GET /api/v1/health -> 307
2026-09-28 04:08:05 | INFO     | 7a4ed8f1 | Request: GET /api/v1/health/
2026-09-28 04:08:05 | INFO     | 7a4ed8f1 | Response: GET /api/v1/health/ -> 200
2026-09-28 04:09:05 | INFO     | 7a4ed8f1 | Request: GET /api/v1/health
2026-09-28 04:09:05 | INFO     | 7a4ed8f1 | Response: GET /api/v1/health -> 307
2026-09-28 04:09:05 | INFO     | 7a4ed8f1 | Request: GET /api/v1/health/
2026-09-28 04:09:05 | INFO     | 7a4ed8f1 | Response: GET /api/v1/health/ -> 200
2026-09-28 04:10:05 | INFO     | 7a4ed8f1 | Request: GET /api/v1/health
2026-09-28 04:10:05 | INFO     | 7a4ed8f1 | Response: GET /api/v1/health -> 307
2026-09-28 04:10:05 | INFO     | 7a4ed8f1 | Request: GET /api/v1/health/
2026-09-28 04:10:05 | INFO     | 7a4ed8f1 | Response: GET /api/v1/health/ -> 200
2026-09-28 04:11:05 | INFO     | 7a4ed8f1 | Request: GET /api/v1/health
2026-09-28 04:11:05 | INFO     | 7a4ed8f1 | Response: GET /api/v1/health -> 307
2026-09-28 04:11:05 | INFO     | 7a4ed8f1 | Request: GET /api/v1/health/
2026-09-28 04:11:05 | INFO     | 7a4ed8f1 | Response: GET /api/v1/health/ -> 200
2026-09-28 04:12:05 | INFO     | 7a4ed8f1 | Request: GET /api/v1/health
2026-09-28 04:12:05 | INFO     | 7a4ed8f1 | Response: GET /api/v1/health -> 307
2026-09-28 04:12:05 | INFO     | 7a4ed8f1 | Request: GET /api/v1/health/
2026-09-28 04:12:05 | INFO     | 7a4ed8f1 | Response: GET /api/v1/health/ -> 200
2026-09-28 04:13:05 | INFO     | 7a4ed8f1 | Request: OPTIONS /api/v1/health
2026-09-28 04:13:05 | INFO     | 7a4ed8f1 | Response: OPTIONS /api/v1/health -> 200
2026-09-28 04:13:05 | INFO     | 7a4ed8f1 | Request: GET /api/v1/health
2026-09-28 04:13:05 | INFO     | 7a4ed8f1 | Response: GET /api/v1/health -> 307
2026-09-28 04:13:05 | INFO     | 7a4ed8f1 | Request: OPTIONS /api/v1/health/
2026-09-28 04:13:05 | INFO     | 7a4ed8f1 | Response: OPTIONS /api/v1/health/ -> 200
2026-09-28 04:13:05 | INFO     | 7a4ed8f1 | Request: GET /api/v1/health/
2026-09-28 04:13:05 | INFO     | 7a4ed8f1 | Response: GET /api/v1/health/ -> 200
2026-09-28 04:14:05 | INFO     | 7a4ed8f1 | Request: GET /api/v1/health
2026-09-28 04:14:05 | INFO     | 7a4ed8f1 | Response: GET /api/v1/health -> 307
2026-09-28 04:14:05 | INFO     | 7a4ed8f1 | Request: GET /api/v1/health/
2026-09-28 04:14:05 | INFO     | 7a4ed8f1 | Response: GET /api/v1/health/ -> 200
2026-09-28 04:15:05 | INFO     | 7a4ed8f1 | Request: GET /api/v1/health
2026-09-28 04:15:05 | INFO     | 7a4ed8f1 | Response: GET /api/v1/health -> 307
2026-09-28 04:15:05 | INFO     | 7a4ed8f1 | Request: GET /api/v1/health/
2026-09-28 04:15:05 | INFO     | 7a4ed8f1 | Response: GET /api/v1/health/ -> 200
2026-09-28 04:16:05 | INFO     | 7a4ed8f1 | Request: GET /api/v1/health
2026-09-28 04:16:05 | INFO     | 7a4ed8f1 | Response: GET /api/v1/health -> 307
2026-09-28 04:16:05 | INFO     | 7a4ed8f1 | Request: GET /api/v1/health/
2026-09-28 04:16:05 | INFO     | 7a4ed8f1 | Response: GET /api/v1/health/ -> 200
2026-09-28 04:17:05 | INFO     | 7a4ed8f1 | Request: GET /api/v1/health
2026-09-28 04:17:05 | INFO     | 7a4ed8f1 | Response: GET /api/v1/health -> 307
2026-09-28 04:17:05 | INFO     | 7a4ed8f1 | Request: GET /api/v1/health/
2026-09-28 04:17:05 | INFO     | 7a4ed8f1 | Response: GET /api/v1/health/ -> 200
2026-09-28 04:18:05 | INFO     | 7a4ed8f1 | Request: GET /api/v1/health
2026-09-28 04:18:05 | INFO     | 7a4ed8f1 | Response: GET /api/v1/health -> 307
2026-09-28 04:18:05 | INFO     | 7a4ed8f1 | Request: GET /api/v1/health/
2026-09-28 04:18:05 | INFO     | 7a4ed8f1 | Response: GET /api/v1/health/ -> 200
2026-09-28 04:19:05 | INFO     | 7a4ed8f1 | Request: GET /api/v1/health
2026-09-28 04:19:05 | INFO     | 7a4ed8f1 | Response: GET /api/v1/health -> 307
2026-09-28 04:19:05 | INFO     | 7a4ed8f1 | Request: GET /api/v1/health/
2026-09-28 04:19:05 | INFO     | 7a4ed8f1 | Response: GET /api/v1/health/ -> 200
2026-09-28 04:20:05 | INFO     | 7a4ed8f1 | Request: GET /api/v1/health
2026-09-28 04:20:05 | INFO     | 7a4ed8f1 | Response: GET /api/v1/health -> 307
2026-09-28 04:20:05 | INFO     | 7a4ed8f1 | Request: GET /api/v1/health/
2026-09-28 04:20:05 | INFO     | 7a4ed8f1 | Response: GET /api/v1/health/ -> 200
2026-09-28 04:21:05 | INFO     | 7a4ed8f1 | Request: GET /api/v1/health
2026-09-28 04:21:05 | INFO     | 7a4ed8f1 | Response: GET /api/v1/health -> 307
2026-09-28 04:21:05 | INFO     | 7a4ed8f1 | Request: GET /api/v1/health/
2026-09-28 04:21:05 | INFO     | 7a4ed8f1 | Response: GET /api/v1/health/ -> 200
2026-09-28 04:22:05 | INFO     | 7a4ed8f1 | Request: GET /api/v1/health
2026-09-28 04:22:05 | INFO     | 7a4ed8f1 | Response: GET /api/v1/health -> 307
2026-09-28 04:22:05 | INFO     | 7a4ed8f1 | Request: GET /api/v1/health/
2026-09-28 04:22:05 | INFO     | 7a4ed8f1 | Response: GET /api/v1/health/ -> 200
2026-09-28 04:23:05 | INFO     | 7a4ed8f1 | Request: GET /api/v1/health
2026-09-28 04:23:05 | INFO     | 7a4ed8f1 | Response: GET /api/v1/health -> 307
2026-09-28 04:23:05 | INFO     | 7a4ed8f1 | Request: GET /api/v1/health/
2026-09-28 04:23:05 | INFO     | 7a4ed8f1 | Response: GET /api/v1/health/ -> 200
2026-09-28 04:24:05 | INFO     | 7a4ed8f1 | Request: OPTIONS /api/v1/health
2026-09-28 04:24:05 | INFO     | 7a4ed8f1 | Response: OPTIONS /api/v1/health -> 200
2026-09-28 04:24:05 | INFO     | 7a4ed8f1 | Request: GET /api/v1/health
2026-09-28 04:24:05 | INFO     | 7a4ed8f1 | Response: GET /api/v1/health -> 307
2026-09-28 04:24:05 | INFO     | 7a4ed8f1 | Request: OPTIONS /api/v1/health/
2026-09-28 04:24:05 | INFO     | 7a4ed8f1 | Response: OPTIONS /api/v1/health/ -> 200
2026-09-28 04:24:05 | INFO     | 7a4ed8f1 | Request: GET /api/v1/health/
2026-09-28 04:24:05 | INFO     | 7a4ed8f1 | Response: GET /api/v1/health/ -> 200
2026-09-28 04:25:05 | INFO     | 7a4ed8f1 | Request: GET /api/v1/health
2026-09-28 04:25:05 | INFO     | 7a4ed8f1 | Response: GET /api/v1/health -> 307
2026-09-28 04:25:05 | INFO     | 7a4ed8f1 | Request: GET /api/v1/health/
2026-09-28 04:25:05 | INFO     | 7a4ed8f1 | Response: GET /api/v1/health/ -> 200
2026-09-28 04:26:05 | INFO     | 7a4ed8f1 | Request: GET /api/v1/health
2026-09-28 04:26:05 | INFO     | 7a4ed8f1 | Response: GET /api/v1/health -> 307
2026-09-28 04:26:05 | INFO     | 7a4ed8f1 | Request: GET /api/v1/health/
2026-09-28 04:26:05 | INFO     | 7a4ed8f1 | Response: GET /api/v1/health/ -> 200
2026-09-28 04:27:05 | INFO     | 7a4ed8f1 | Request: GET /api/v1/health
2026-09-28 04:27:05 | INFO     | 7a4ed8f1 | Response: GET /api/v1/health -> 307
2026-09-28 04:27:05 | INFO     | 7a4ed8f1 | Request: GET /api/v1/health/
2026-09-28 04:27:05 | INFO     | 7a4ed8f1 | Response: GET /api/v1/health/ -> 200
2026-09-28 04:28:05 | INFO     | 7a4ed8f1 | Request: GET /api/v1/health
2026-09-28 04:28:05 | INFO     | 7a4ed8f1 | Response: GET /api/v1/health -> 307
2026-09-28 04:28:05 | INFO     | 7a4ed8f1 | Request: GET /api/v1/health/
2026-09-28 04:28:05 | INFO     | 7a4ed8f1 | Response: GET /api/v1/health/ -> 200
2026-09-28 04:29:05 | INFO     | 7a4ed8f1 | Request: GET /api/v1/health
2026-09-28 04:29:05 | INFO     | 7a4ed8f1 | Response: GET /api/v1/health -> 307
2026-09-28 04:29:05 | INFO     | 7a4ed8f1 | Request: GET /api/v1/health/
2026-09-28 04:29:05 | INFO     | 7a4ed8f1 | Response: GET /api/v1/health/ -> 200
2026-09-28 04:30:05 | INFO     | 7a4ed8f1 | Request: GET /api/v1/health
2026-09-28 04:30:05 | INFO     | 7a4ed8f1 | Response: GET /api/v1/health -> 307
2026-09-28 04:30:05 | INFO     | 7a4ed8f1 | Request: GET /api/v1/health/
2026-09-28 04:30:05 | INFO     | 7a4ed8f1 | Response: GET /api/v1/health/ -> 200
2026-09-28 04:31:05 | INFO     | 7a4ed8f1 | Request: GET /api/v1/health
2026-09-28 04:31:05 | INFO     | 7a4ed8f1 | Response: GET /api/v1/health -> 307
2026-09-28 04:31:05 | INFO     | 7a4ed8f1 | Request: GET /api/v1/health/
2026-09-28 04:31:05 | INFO     | 7a4ed8f1 | Response: GET /api/v1/health/ -> 200
2026-09-28 04:32:05 | INFO     | 7a4ed8f1 | Request: GET /api/v1/health
2026-09-28 04:32:05 | INFO     | 7a4ed8f1 | Response: GET /api/v1/health -> 307
2026-09-28 04:32:05 | INFO     | 7a4ed8f1 | Request: GET /api/v1/health/
2026-09-28 04:32:05 | INFO     | 7a4ed8f1 | Response: GET /api/v1/health/ -> 200
2026-09-28 04:33:05 | INFO     | 7a4ed8f1 | Request: GET /api/v1/health
2026-09-28 04:33:05 | INFO     | 7a4ed8f1 | Response: GET /api/v1/health -> 307
2026-09-28 04:33:05 | INFO     | 7a4ed8f1 | Request: GET /api/v1/health/
2026-09-28 04:33:05 | INFO     | 7a4ed8f1 | Response: GET /api/v1/health/ -> 200
2026-09-28 04:34:05 | INFO     | 7a4ed8f1 | Request: GET /api/v1/health
2026-09-28 04:34:05 | INFO     | 7a4ed8f1 | Response: GET /api/v1/health -> 307
2026-09-28 04:34:05 | INFO     | 7a4ed8f1 | Request: GET /api/v1/health/
2026-09-28 04:34:05 | INFO     | 7a4ed8f1 | Response: GET /api/v1/health/ -> 200
2026-09-28 04:35:05 | INFO     | 7a4ed8f1 | Request: OPTIONS /api/v1/health
2026-09-28 04:35:05 | INFO     | 7a4ed8f1 | Response: OPTIONS /api/v1/health -> 200
2026-09-28 04:35:05 | INFO     | 7a4ed8f1 | Request: GET /api/v1/health
2026-09-28 04:35:05 | INFO     | 7a4ed8f1 | Response: GET /api/v1/health -> 307
2026-09-28 04:35:05 | INFO     | 7a4ed8f1 | Request: OPTIONS /api/v1/health/
2026-09-28 04:35:05 | INFO     | 7a4ed8f1 | Response: OPTIONS /api/v1/health/ -> 200
2026-09-28 04:35:05 | INFO     | 7a4ed8f1 | Request: GET /api/v1/health/
2026-09-28 04:35:05 | INFO     | 7a4ed8f1 | Response: GET /api/v1/health/ -> 200
2026-09-28 04:36:05 | INFO     | 7a4ed8f1 | Request: GET /api/v1/health
2026-09-28 04:36:05 | INFO     | 7a4ed8f1 | Response: GET /api/v1/health -> 307
2026-09-28 04:36:05 | INFO     | 7a4ed8f1 | Request: GET /api/v1/health/
2026-09-28 04:36:05 | INFO     | 7a4ed8f1 | Response: GET /api/v1/health/ -> 200
2026-09-28 04:37:05 | INFO     | 7a4ed8f1 | Request: GET /api/v1/health
2026-09-28 04:37:05 | INFO     | 7a4ed8f1 | Response: GET /api/v1/health -> 307
2026-09-28 04:37:05 | INFO     | 7a4ed8f1 | Request: GET /api/v1/health/
2026-09-28 04:37:05 | INFO     | 7a4ed8f1 | Response: GET /api/v1/health/ -> 200
2026-09-28 04:38:05 | INFO     | 7a4ed8f1 | Request: GET /api/v1/health
2026-09-28 04:38:05 | INFO     | 7a4ed8f1 | Response: GET /api/v1/health -> 307
2026-09-28 04:38:05 | INFO     | 7a4ed8f1 | Request: GET /api/v1/health/
2026-09-28 04:38:05 | INFO     | 7a4ed8f1 | Response: GET /api/v1/health/ -> 200
2026-09-28 04:39:05 | INFO     | 7a4ed8f1 | Request: GET /api/v1/health
2026-09-28 04:39:05 | INFO     | 7a4ed8f1 | Response: GET /api/v1/health -> 307
2026-09-28 04:39:05 | INFO     | 7a4ed8f1 | Request: GET /api/v1/health/
2026-09-28 04:39:05 | INFO     | 7a4ed8f1 | Response: GET /api/v1/health/ -> 200
2026-09-28 04:40:05 | INFO     | 7a4ed8f1 | Request: GET /api/v1/health
2026-09-28 04:40:05 | INFO     | 7a4ed8f1 | Response: GET /api/v1/health -> 307
2026-09-28 04:40:05 | INFO     | 7a4ed8f1 | Request: GET /api/v1/health/
2026-09-28 04:40:05 | INFO     | 7a4ed8f1 | Response: GET /api/v1/health/ -> 200
2026-09-28 04:41:05 | INFO     | 7a4ed8f1 | Request: GET /api/v1/health
2026-09-28 04:41:05 | INFO     | 7a4ed8f1 | Response: GET /api/v1/health -> 307
2026-09-28 04:41:05 | INFO     | 7a4ed8f1 | Request: GET /api/v1/health/
2026-09-28 04:41:05 | INFO     | 7a4ed8f1 | Response: GET /api/v1/health/ -> 200
2026-09-28 04:42:05 | INFO     | 7a4ed8f1 | Request: GET /api/v1/health
2026-09-28 04:42:05 | INFO     | 7a4ed8f1 | Response: GET /api/v1/health -> 307
2026-09-28 04:42:05 | INFO     | 7a4ed8f1 | Request: GET /api/v1/health/
2026-09-28 04:42:05 | INFO     | 7a4ed8f1 | Response: GET /api/v1/health/ -> 200
2026-09-28 04:43:05 | INFO     | 7a4ed8f1 | Request: GET /api/v1/health
2026-09-28 04:43:05 | INFO     | 7a4ed8f1 | Response: GET /api/v1/health -> 307
2026-09-28 04:43:05 | INFO     | 7a4ed8f1 | Request: GET /api/v1/health/
2026-09-28 04:43:05 | INFO     | 7a4ed8f1 | Response: GET /api/v1/health/ -> 200
2026-09-28 04:44:05 | INFO     | 7a4ed8f1 | Request: GET /api/v1/health
2026-09-28 04:44:05 | INFO     | 7a4ed8f1 | Response: GET /api/v1/health -> 307
2026-09-28 04:44:05 | INFO     | 7a4ed8f1 | Request: GET /api/v1/health/
2026-09-28 04:44:05 | INFO     | 7a4ed8f1 | Response: GET /api/v1/health/ -> 200
2026-09-28 04:45:05 | INFO     | 7a4ed8f1 | Request: GET /api/v1/health
2026-09-28 04:45:05 | INFO     | 7a4ed8f1 | Response: GET /api/v1/health -> 307
2026-09-28 04:45:05 | INFO     | 7a4ed8f1 | Request: GET /api/v1/health/
2026-09-28 04:45:05 | INFO     | 7a4ed8f1 | Response: GET /api/v1/health/ -> 200
2026-09-28 04:46:05 | INFO     | 7a4ed8f1 | Request: OPTIONS /api/v1/health
2026-09-28 04:46:05 | INFO     | 7a4ed8f1 | Response: OPTIONS /api/v1/health -> 200
2026-09-28 04:46:05 | INFO     | 7a4ed8f1 | Request: GET /api/v1/health
2026-09-28 04:46:05 | INFO     | 7a4ed8f1 | Response: GET /api/v1/health -> 307
2026-09-28 04:46:05 | INFO     | 7a4ed8f1 | Request: OPTIONS /api/v1/health/
2026-09-28 04:46:05 | INFO     | 7a4ed8f1 | Response: OPTIONS /api/v1/health/ -> 200
2026-09-28 04:46:05 | INFO     | 7a4ed8f1 | Request: GET /api/v1/health/
2026-09-28 04:46:05 | INFO     | 7a4ed8f1 | Response: GET /api/v1/health/ -> 200
2026-09-28 04:47:05 | INFO     | 7a4ed8f1 | Request: GET /api/v1/health
2026-09-28 04:47:05 | INFO     | 7a4ed8f1 | Response: GET /api/v1/health -> 307
2026-09-28 04:47:05 | INFO     | 7a4ed8f1 | Request: GET /api/v1/health/
2026-09-28 04:47:05 | INFO     | 7a4ed8f1 | Response: GET /api/v1/health/ -> 200
2026-09-28 04:48:05 | INFO     | 7a4ed8f1 | Request: GET /api/v1/health
2026-09-28 04:48:05 | INFO     | 7a4ed8f1 | Response: GET /api/v1/health -> 307
2026-09-28 04:48:05 | INFO     | 7a4ed8f1 | Request: GET /api/v1/health/
2026-09-28 04:48:05 | INFO     | 7a4ed8f1 | Response: GET /api/v1/health/ -> 200
2026-09-28 04:49:05 | INFO     | 7a4ed8f1 | Request: GET /api/v1/health
2026-09-28 04:49:05 | INFO     | 7a4ed8f1 | Response: GET /api/v1/health -> 307
2026-09-28 04:49:05 | INFO     | 7a4ed8f1 | Request: GET /api/v1/health/
2026-09-28 04:49:05 | INFO     | 7a4ed8f1 | Response: GET /api/v1/health/ -> 200
2026-09-28 04:50:05 | INFO     | 7a4ed8f1 | Request: GET /api/v1/health
2026-09-28 04:50:05 | INFO     | 7a4ed8f1 | Response: GET /api/v1/health -> 307
2026-09-28 04:50:05 | INFO     | 7a4ed8f1 | Request: GET /api/v1/health/
2026-09-28 04:50:05 | INFO     | 7a4ed8f1 | Response: GET /api/v1/health/ -> 200
2026-09-28 04:51:05 | INFO     | 7a4ed8f1 | Request: GET /api/v1/health
2026-09-28 04:51:05 | INFO     | 7a4ed8f1 | Response: GET /api/v1/health -> 307
2026-09-28 04:51:05 | INFO     | 7a4ed8f1 | Request: GET /api/v1/health/
2026-09-28 04:51:05 | INFO     | 7a4ed8f1 | Response: GET /api/v1/health/ -> 200
2026-09-28 04:52:05 | INFO     | 7a4ed8f1 | Request: GET /api/v1/health
2026-09-28 04:52:05 | INFO     | 7a4ed8f1 | Response: GET /api/v1/health -> 307
2026-09-28 04:52:05 | INFO     | 7a4ed8f1 | Request: GET /api/v1/health/
2026-09-28 04:52:05 | INFO     | 7a4ed8f1 | Response: GET /api/v1/health/ -> 200
2026-09-28 04:53:05 | INFO     | 7a4ed8f1 | Request: GET /api/v1/health
2026-09-28 04:53:05 | INFO     | 7a4ed8f1 | Response: GET /api/v1/health -> 307
2026-09-28 04:53:05 | INFO     | 7a4ed8f1 | Request: GET /api/v1/health/
2026-09-28 04:53:05 | INFO     | 7a4ed8f1 | Response: GET /api/v1/health/ -> 200
2026-09-28 04:54:05 | INFO     | 7a4ed8f1 | Request: GET /api/v1/health
2026-09-28 04:54:05 | INFO     | 7a4ed8f1 | Response: GET /api/v1/health -> 307
2026-09-28 04:54:05 | INFO     | 7a4ed8f1 | Request: GET /api/v1/health/
2026-09-28 04:54:05 | INFO     | 7a4ed8f1 | Response: GET /api/v1/health/ -> 200
2026-09-28 04:55:05 | INFO     | 7a4ed8f1 | Request: GET /api/v1/health
2026-09-28 04:55:05 | INFO     | 7a4ed8f1 | Response: GET /api/v1/health -> 307
2026-09-28 04:55:05 | INFO     | 7a4ed8f1 | Request: GET /api/v1/health/
2026-09-28 04:55:05 | INFO     | 7a4ed8f1 | Response: GET /api/v1/health/ -> 200
2026-09-28 14:56:39 | INFO     | 1d47321e | 🔌 Creating async database engine for localhost:5432/chronos
2026-09-28 14:56:40 | INFO     | 1d47321e | ✅ Database engine created successfully
2026-09-28 14:58:45 | INFO     | 246190de | 🔌 Creating async database engine for localhost:5432/chronos
2026-09-28 14:58:45 | INFO     | 246190de | ✅ Database engine created successfully
2026-09-28 14:59:03 | INFO     | 37a8f389 | 🔌 Creating async database engine for localhost:5432/chronos
2026-09-28 14:59:03 | INFO     | 37a8f389 | ✅ Database engine created successfully
2026-09-28 14:59:19 | INFO     | 03282b92 | 🔌 Creating async database engine for localhost:5432/chronos
2026-09-28 14:59:19 | INFO     | 03282b92 | ✅ Database engine created successfully
2026-09-28 14:59:21 | INFO     | 886ab66d | 🔌 Creating async database engine for localhost:5432/chronos
2026-09-28 14:59:21 | INFO     | 886ab66d | ✅ Database engine created successfully
2026-09-28 14:59:23 | INFO     | adf22c90 | 🔌 Creating async database engine for localhost:5432/chronos
2026-09-28 14:59:23 | INFO     | adf22c90 | ✅ Database engine created successfully
2026-09-28 14:59:33 | INFO     | e05ee6d9 | 🔌 Creating async database engine for localhost:5432/chronos
2026-09-28 14:59:33 | INFO     | e05ee6d9 | ✅ Database engine created successfully
2026-09-28 14:59:47 | INFO     | 66bb0bfe | 🔌 Creating async database engine for localhost:5432/chronos
2026-09-28 14:59:47 | INFO     | 66bb0bfe | ✅ Database engine created successfully
2026-09-28 15:08:34 | INFO     | f0d57475 | 🔌 Creating async database engine for localhost:5432/chronos
2026-09-28 15:08:34 | INFO     | f0d57475 | ✅ Database engine created successfully
2026-09-28 15:08:36 | INFO     | 3e57855e | 🔌 Creating async database engine for localhost:5432/chronos
2026-09-28 15:08:36 | INFO     | 3e57855e | ✅ Database engine created successfully
2026-09-28 15:10:17 | INFO     | 55e7047c | 🔌 Creating async database engine for localhost:5432/chronos
2026-09-28 15:10:17 | INFO     | 55e7047c | ✅ Database engine created successfully
2026-09-28 15:10:28 | INFO     | 7d5dcd37 | 🔌 Creating async database engine for localhost:5432/chronos
2026-09-28 15:10:28 | INFO     | 7d5dcd37 | ✅ Database engine created successfully
2026-09-28 15:10:41 | INFO     | 85130a5f | 🔌 Creating async database engine for localhost:5432/chronos
2026-09-28 15:10:41 | INFO     | 85130a5f | ✅ Database engine created successfully
2026-09-28 15:10:50 | INFO     | 09fbf992 | 🔌 Creating async database engine for localhost:5432/chronos
2026-09-28 15:10:50 | INFO     | 09fbf992 | ✅ Database engine created successfully
2026-09-28 15:14:44 | INFO     | e7f7f3d3 | 🔌 Creating async database engine for localhost:5432/chronos
2026-09-28 15:14:44 | INFO     | e7f7f3d3 | ✅ Database engine created successfully
2026-09-28 15:16:07 | INFO     | 5917548f | 🔌 Creating async database engine for localhost:5432/chronos
2026-09-28 15:16:07 | INFO     | 4b564bb6 | 🔌 Creating async database engine for localhost:5432/chronos
2026-09-28 15:16:07 | INFO     | 5917548f | ✅ Database engine created successfully
2026-09-28 15:16:07 | INFO     | 4b564bb6 | ✅ Database engine created successfully
2026-09-28 15:16:09 | INFO     | 4b564bb6 | 🚀 Starting Chronos Search Engine v3.0.0-masterpiece
2026-09-28 15:16:09 | INFO     | 4b564bb6 | Environment: production
2026-09-28 15:16:09 | INFO     | 4b564bb6 | Debug mode: True
2026-09-28 15:16:09 | INFO     | 5917548f | 🚀 Starting Chronos Search Engine v3.0.0-masterpiece
2026-09-28 15:16:09 | INFO     | 5917548f | Environment: production
2026-09-28 15:16:09 | INFO     | 5917548f | Debug mode: True
2026-09-28 15:16:09 | INFO     | 5917548f | ✅ Database initialized successfully
2026-09-28 15:16:09 | INFO     | 4b564bb6 | ✅ Database initialized successfully
2026-09-28 15:16:09 | INFO     | 4b564bb6 | ✅ Database initialized
2026-09-28 15:16:09 | INFO     | 4b564bb6 | ✅ Database health: healthy
2026-09-28 15:16:09 | INFO     | 5917548f | ✅ Database health: healthy
2026-09-28 15:16:11 | INFO     | 4b564bb6 | ✅ Redis connection established
2026-09-28 15:16:11 | INFO     | 5917548f | ✅ Chronos Search Engine is ready!
2026-09-28 15:16:11 | INFO     | 4b564bb6 | ✅ Chronos Search Engine is ready!
2026-09-28 15:16:11 | INFO     | 4b564bb6 | 📍 API: http://localhost:8000/api/v1
2026-09-28 15:16:11 | INFO     | 5917548f | 📍 API: http://localhost:8000/api/v1
2026-09-28 15:16:11 | INFO     | 5917548f | 📍 Docs: http://localhost:8000/docs
2026-09-28 15:16:11 | INFO     | 4b564bb6 | 📍 Docs: http://localhost:8000/docs
2026-09-28 15:16:20 | INFO     | 5917548f | 🛑 Chronos Search Engine shutting down...
2026-09-28 15:16:20 | INFO     | 4b564bb6 | 🛑 Chronos Search Engine shutting down...
2026-09-28 15:16:21 | INFO     | 5917548f | ✅ Database connections closed
2026-09-28 15:16:21 | INFO     | 4b564bb6 | ✅ Database connections closed
2026-09-28 15:16:23 | INFO     | 41120287 | 🔌 Creating async database engine for localhost:5432/chronos
2026-09-28 15:16:23 | INFO     | 6150708f | 🔌 Creating async database engine for localhost:5432/chronos
2026-09-28 15:16:23 | INFO     | 6150708f | ✅ Database engine created successfully
2026-09-28 15:16:23 | INFO     | 41120287 | ✅ Database engine created successfully
2026-09-28 15:16:25 | INFO     | 6150708f | 🚀 Starting Chronos Search Engine v3.0.0-masterpiece
2026-09-28 15:16:25 | INFO     | 6150708f | Environment: production
2026-09-28 15:16:25 | INFO     | 6150708f | Debug mode: True
2026-09-28 15:16:25 | INFO     | 41120287 | 🚀 Starting Chronos Search Engine v3.0.0-masterpiece
2026-09-28 15:16:25 | INFO     | 41120287 | Environment: production
2026-09-28 15:16:25 | INFO     | 41120287 | Debug mode: True
2026-09-28 15:16:25 | INFO     | 6150708f | ✅ Database initialized successfully
2026-09-28 15:16:25 | INFO     | 6150708f | ✅ Database initialized
2026-09-28 15:16:25 | INFO     | 6150708f | ✅ Database health: healthy
2026-09-28 15:16:25 | INFO     | 41120287 | ✅ Database initialized successfully
2026-09-28 15:16:25 | INFO     | 41120287 | ✅ Database initialized
2026-09-28 15:16:25 | INFO     | 41120287 | ✅ Database health: healthy
2026-09-28 15:16:27 | INFO     | 6150708f | ✅ Redis connection established
2026-09-28 15:16:27 | INFO     | 6150708f | ✅ Chronos Search Engine is ready!
2026-09-28 15:16:27 | INFO     | 6150708f | 📍 API: http://localhost:8000/api/v1
2026-09-28 15:16:27 | INFO     | 6150708f | 📍 Docs: http://localhost:8000/docs
2026-09-28 15:16:27 | INFO     | 41120287 | ✅ Redis connection established
2026-09-28 15:16:27 | INFO     | 41120287 | ✅ Chronos Search Engine is ready!
2026-09-28 15:16:27 | INFO     | 41120287 | 📍 API: http://localhost:8000/api/v1
2026-09-28 15:16:27 | INFO     | 41120287 | 📍 Docs: http://localhost:8000/docs
2026-09-28 15:16:27 | INFO     | 41120287 | Request: GET /openapi.json
2026-09-28 15:16:27 | INFO     | 41120287 | Response: GET /openapi.json -> 200
2026-09-28 15:16:44 | INFO     | 41120287 | Request: GET /docs
2026-09-28 15:16:44 | INFO     | 41120287 | Response: GET /docs -> 200
2026-09-28 15:16:44 | INFO     | 41120287 | Request: GET /openapi.json
2026-09-28 15:16:44 | INFO     | 41120287 | Response: GET /openapi.json -> 200
2026-09-28 15:16:54 | INFO     | 41120287 | Request: GET /api/v1
2026-09-28 15:16:54 | INFO     | 41120287 | Response: GET /api/v1 -> 404
2026-09-28 15:16:56 | INFO     | 41120287 | Request: GET /openapi.json
2026-09-28 15:16:56 | INFO     | 41120287 | Response: GET /openapi.json -> 200
2026-09-28 15:17:09 | INFO     | 41120287 | 🛑 Chronos Search Engine shutting down...
2026-09-28 15:17:09 | INFO     | 41120287 | ✅ Database connections closed
2026-09-28 15:17:10 | INFO     | 6150708f | 🛑 Chronos Search Engine shutting down...
2026-09-28 15:17:10 | INFO     | 6150708f | ✅ Database connections closed
2026-09-28 15:17:12 | INFO     | a34fa945 | 🔌 Creating async database engine for localhost:5432/chronos
2026-09-28 15:17:12 | INFO     | be88d921 | 🔌 Creating async database engine for localhost:5432/chronos
2026-09-28 15:17:12 | INFO     | a34fa945 | ✅ Database engine created successfully
2026-09-28 15:17:12 | INFO     | be88d921 | ✅ Database engine created successfully
2026-09-28 15:17:14 | INFO     | a34fa945 | 🚀 Starting Chronos Search Engine v3.0.0-masterpiece
2026-09-28 15:17:14 | INFO     | a34fa945 | Environment: production
2026-09-28 15:17:14 | INFO     | a34fa945 | Debug mode: True
2026-09-28 15:17:14 | INFO     | be88d921 | 🚀 Starting Chronos Search Engine v3.0.0-masterpiece
2026-09-28 15:17:14 | INFO     | be88d921 | Environment: production
2026-09-28 15:17:14 | INFO     | be88d921 | Debug mode: True
2026-09-28 15:17:14 | INFO     | a34fa945 | ✅ Database initialized successfully
2026-09-28 15:17:14 | INFO     | a34fa945 | ✅ Database initialized
2026-09-28 15:17:14 | INFO     | a34fa945 | ✅ Database health: healthy
2026-09-28 15:17:14 | INFO     | be88d921 | ✅ Database initialized successfully
2026-09-28 15:17:14 | INFO     | be88d921 | ✅ Database initialized
2026-09-28 15:17:14 | INFO     | be88d921 | ✅ Database health: healthy
2026-09-28 15:17:16 | INFO     | a34fa945 | ✅ Redis connection established
2026-09-28 15:17:16 | INFO     | a34fa945 | ✅ Chronos Search Engine is ready!
2026-09-28 15:17:16 | INFO     | a34fa945 | 📍 API: http://localhost:8000/api/v1
2026-09-28 15:17:16 | INFO     | a34fa945 | 📍 Docs: http://localhost:8000/docs
2026-09-28 15:17:16 | INFO     | a34fa945 | 🛑 Chronos Search Engine shutting down...
2026-09-28 15:17:16 | INFO     | a34fa945 | ✅ Database connections closed
2026-09-28 15:17:16 | INFO     | a34fa945 | ✅ Redis connections closed
2026-09-28 15:17:16 | INFO     | be88d921 | ✅ Redis connection established
2026-09-28 15:17:16 | INFO     | be88d921 | ✅ Chronos Search Engine is ready!
2026-09-28 15:17:16 | INFO     | be88d921 | 📍 API: http://localhost:8000/api/v1
2026-09-28 15:17:16 | INFO     | be88d921 | 📍 Docs: http://localhost:8000/docs
2026-09-28 15:17:16 | INFO     | be88d921 | 🛑 Chronos Search Engine shutting down...
2026-09-28 15:17:16 | INFO     | be88d921 | ✅ Database connections closed
2026-09-28 15:17:16 | INFO     | be88d921 | ✅ Redis connections closed
2026-09-28 15:17:19 | INFO     | 728d33ac | 🔌 Creating async database engine for localhost:5432/chronos
2026-09-28 15:17:19 | INFO     | 292bdabb | 🔌 Creating async database engine for localhost:5432/chronos
2026-09-28 15:17:19 | INFO     | 728d33ac | ✅ Database engine created successfully
2026-09-28 15:17:19 | INFO     | 292bdabb | ✅ Database engine created successfully
2026-09-28 15:17:20 | INFO     | 728d33ac | 🚀 Starting Chronos Search Engine v3.0.0-masterpiece
2026-09-28 15:17:20 | INFO     | 728d33ac | Environment: production
2026-09-28 15:17:20 | INFO     | 728d33ac | Debug mode: True
2026-09-28 15:17:21 | INFO     | 292bdabb | 🚀 Starting Chronos Search Engine v3.0.0-masterpiece
2026-09-28 15:17:21 | INFO     | 292bdabb | Environment: production
2026-09-28 15:17:21 | INFO     | 292bdabb | Debug mode: True
2026-09-28 15:17:21 | INFO     | 728d33ac | ✅ Database initialized successfully
2026-09-28 15:17:21 | INFO     | 728d33ac | ✅ Database initialized
2026-09-28 15:17:21 | INFO     | 728d33ac | ✅ Database health: healthy
2026-09-28 15:17:21 | INFO     | 292bdabb | ✅ Database initialized successfully
2026-09-28 15:17:21 | INFO     | 292bdabb | ✅ Database initialized
2026-09-28 15:17:21 | INFO     | 292bdabb | ✅ Database health: healthy
2026-09-28 15:17:23 | INFO     | 728d33ac | ✅ Redis connection established
2026-09-28 15:17:23 | INFO     | 728d33ac | ✅ Chronos Search Engine is ready!
2026-09-28 15:17:23 | INFO     | 728d33ac | 📍 API: http://localhost:8000/api/v1
2026-09-28 15:17:23 | INFO     | 728d33ac | 📍 Docs: http://localhost:8000/docs
2026-09-28 15:17:23 | INFO     | 292bdabb | ✅ Redis connection established
2026-09-28 15:17:23 | INFO     | 292bdabb | ✅ Chronos Search Engine is ready!
2026-09-28 15:17:23 | INFO     | 292bdabb | 📍 API: http://localhost:8000/api/v1
2026-09-28 15:17:23 | INFO     | 292bdabb | 📍 Docs: http://localhost:8000/docs
2026-09-28 15:17:27 | INFO     | 728d33ac | Request: GET /api/v1
2026-09-28 15:17:27 | INFO     | 728d33ac | Response: GET /api/v1 -> 404
2026-09-28 15:17:44 | INFO     | 728d33ac | Request: GET /api/v1/health
2026-09-28 15:17:44 | INFO     | 728d33ac | Response: GET /api/v1/health -> 307
2026-09-28 15:17:44 | INFO     | 728d33ac | Request: GET /api/v1/health/
2026-09-28 15:17:44 | INFO     | 728d33ac | Response: GET /api/v1/health/ -> 200
2026-09-28 15:17:51 | INFO     | 728d33ac | Request: GET /openapi.json
2026-09-28 15:17:51 | INFO     | 728d33ac | Response: GET /openapi.json -> 200
2026-09-28 15:18:23 | INFO     | 292bdabb | 🛑 Chronos Search Engine shutting down...
2026-09-28 15:18:23 | INFO     | 728d33ac | 🛑 Chronos Search Engine shutting down...
2026-09-28 15:18:23 | INFO     | 292bdabb | ✅ Database connections closed
2026-09-28 15:18:23 | INFO     | 292bdabb | ✅ Redis connections closed
2026-09-28 15:18:23 | INFO     | 728d33ac | ✅ Database connections closed
2026-09-28 15:18:23 | INFO     | 728d33ac | ✅ Redis connections closed
2026-09-28 15:18:25 | INFO     | 016abdf7 | 🔌 Creating async database engine for localhost:5432/chronos
2026-09-28 15:18:25 | INFO     | 9e9b873a | 🔌 Creating async database engine for localhost:5432/chronos
2026-09-28 15:18:25 | INFO     | 016abdf7 | ✅ Database engine created successfully
2026-09-28 15:18:25 | INFO     | 9e9b873a | ✅ Database engine created successfully
2026-09-28 15:18:27 | INFO     | 016abdf7 | 🚀 Starting Chronos Search Engine v3.0.0-masterpiece
2026-09-28 15:18:27 | INFO     | 016abdf7 | Environment: production
2026-09-28 15:18:27 | INFO     | 016abdf7 | Debug mode: True
2026-09-28 15:18:27 | INFO     | 9e9b873a | 🚀 Starting Chronos Search Engine v3.0.0-masterpiece
2026-09-28 15:18:27 | INFO     | 9e9b873a | Environment: production
2026-09-28 15:18:27 | INFO     | 9e9b873a | Debug mode: True
2026-09-28 15:18:27 | INFO     | 016abdf7 | ✅ Database initialized successfully
2026-09-28 15:18:27 | INFO     | 016abdf7 | ✅ Database initialized
2026-09-28 15:18:27 | INFO     | 016abdf7 | ✅ Database health: healthy
2026-09-28 15:18:27 | INFO     | 9e9b873a | ✅ Database initialized successfully
2026-09-28 15:18:27 | INFO     | 9e9b873a | ✅ Database initialized
2026-09-28 15:18:27 | INFO     | 9e9b873a | ✅ Database health: healthy
2026-09-28 15:18:29 | INFO     | 016abdf7 | ✅ Redis connection established
2026-09-28 15:18:29 | INFO     | 016abdf7 | ✅ Chronos Search Engine is ready!
2026-09-28 15:18:29 | INFO     | 016abdf7 | 📍 API: http://localhost:8000/api/v1/health
2026-09-28 15:18:29 | INFO     | 016abdf7 | 📍 Docs: http://localhost:8000/docs
2026-09-28 15:18:29 | INFO     | 9e9b873a | ✅ Redis connection established
2026-09-28 15:18:29 | INFO     | 9e9b873a | ✅ Chronos Search Engine is ready!
2026-09-28 15:18:29 | INFO     | 9e9b873a | 📍 API: http://localhost:8000/api/v1/health
2026-09-28 15:18:29 | INFO     | 9e9b873a | 📍 Docs: http://localhost:8000/docs
2026-09-28 15:18:32 | INFO     | 9e9b873a | Request: GET /api/v1/health
2026-09-28 15:18:33 | INFO     | 9e9b873a | Response: GET /api/v1/health -> 307
2026-09-28 15:18:33 | INFO     | 9e9b873a | Request: GET /api/v1/health/
2026-09-28 15:18:33 | INFO     | 9e9b873a | Response: GET /api/v1/health/ -> 200
2026-09-29 16:30:13 | INFO     | 56b53b4d | 🔌 Creating async database engine for localhost:5432/chronos
2026-09-29 16:30:13 | INFO     | 56b53b4d | ✅ Database engine created successfully
2026-09-29 16:30:20 | INFO     | 56b53b4d | 🚀 Starting Chronos Search Engine v3.0.0-masterpiece
2026-09-29 16:30:20 | INFO     | 56b53b4d | Environment: production
2026-09-29 16:30:20 | INFO     | 56b53b4d | Debug mode: True
2026-09-29 16:30:21 | INFO     | 56b53b4d | ✅ Database initialized successfully
2026-09-29 16:30:21 | INFO     | 56b53b4d | ✅ Database initialized
2026-09-29 16:30:21 | INFO     | 56b53b4d | ✅ Database health: healthy
2026-09-29 16:30:23 | INFO     | 56b53b4d | ✅ Redis connection established
2026-09-29 16:30:23 | INFO     | 56b53b4d | ✅ Chronos Search Engine is ready!
2026-09-29 16:30:23 | INFO     | 56b53b4d | 📍 API: http://localhost:8000/api/v1/health
2026-09-29 16:30:23 | INFO     | 56b53b4d | 📍 Docs: http://localhost:8000/docs
2026-09-29 16:30:23 | INFO     | 56b53b4d | 🛑 Chronos Search Engine shutting down...
2026-09-29 16:30:23 | INFO     | 56b53b4d | ✅ Database connections closed
2026-09-29 16:30:23 | INFO     | 56b53b4d | ✅ Redis connections closed
2026-09-29 16:30:40 | INFO     | 5946118b | 🔌 Creating async database engine for localhost:5432/chronos
2026-09-29 16:30:40 | INFO     | 5946118b | ✅ Database engine created successfully
2026-09-29 16:30:41 | INFO     | 5946118b | 🚀 Starting Chronos Search Engine v3.0.0-masterpiece
2026-09-29 16:30:41 | INFO     | 5946118b | Environment: production
2026-09-29 16:30:41 | INFO     | 5946118b | Debug mode: True
2026-09-29 16:30:41 | INFO     | 5946118b | ✅ Database initialized successfully
2026-09-29 16:30:41 | INFO     | 5946118b | ✅ Database initialized
2026-09-29 16:30:41 | INFO     | 5946118b | ✅ Database health: healthy
2026-09-29 16:30:43 | INFO     | 5946118b | ✅ Redis connection established
2026-09-29 16:30:43 | INFO     | 5946118b | ✅ Chronos Search Engine is ready!
2026-09-29 16:30:43 | INFO     | 5946118b | 📍 API: http://localhost:8000/api/v1/health
2026-09-29 16:30:43 | INFO     | 5946118b | 📍 Docs: http://localhost:8000/docs
2026-09-29 16:30:49 | INFO     | 5946118b | Request: GET /docs
2026-09-29 16:30:49 | INFO     | 5946118b | Response: GET /docs -> 200
2026-09-29 16:30:49 | INFO     | 5946118b | Request: GET /openapi.json
2026-09-29 16:30:49 | INFO     | 5946118b | Response: GET /openapi.json -> 200
2026-09-29 16:30:57 | INFO     | 5946118b | Request: GET /api/v1/health
2026-09-29 16:30:57 | INFO     | 5946118b | Response: GET /api/v1/health -> 307
2026-09-29 16:30:57 | INFO     | 5946118b | Request: GET /api/v1/health/
2026-09-29 16:30:57 | INFO     | 5946118b | Response: GET /api/v1/health/ -> 200
